,age,gender,hourly_earnings,education,yearly_salary
1,30,male,34.61538315,16,69230.7663
2,30,female,19.23077011,16,38461.54022
3,30,female,13.73626328,12,27472.52656
4,30,female,13.94230747,13,27884.61494
5,30,female,19.23077011,16,38461.54022
6,30,female,8,12,16000
7,30,male,19.23077011,12,38461.54022
8,29,male,26.15384674,16,52307.69348
9,29,male,26.44230843,16,52884.61686
10,30,female,6.221719265,12,12443.43853
11,29,male,24.03846169,14,48076.92338
12,29,male,38.46154022,18,76923.08044
13,29,male,19.23077011,18,38461.54022
14,29,female,10.81730747,11,21634.61494
15,29,male,5.769230843,12,11538.46169
16,29,male,13.5,12,27000
17,30,male,12.98076916,16,25961.53832
18,30,male,35.47008514,13,70940.17028
19,30,male,18.75,16,37500
20,30,female,24.03846169,16,48076.92338
21,30,male,19.23077011,16,38461.54022
22,29,female,15,14,30000
23,29,male,8.791209221,12,17582.41844
24,29,male,7.692307472,13,15384.61494
25,30,male,11.53846169,12,23076.92338
26,29,male,28.84615326,13,57692.30652
27,29,male,19.18367386,14,38367.34772
28,30,male,16.82692337,12,33653.84674
29,29,female,24.29149818,16,48582.99636
30,30,female,10.2564106,16,20512.8212
31,30,male,14.42307663,12,28846.15326
32,30,male,12.98076916,13,25961.53832
33,29,female,10.1214571,12,20242.9142
34,29,male,17.30769157,13,34615.38314
35,30,male,9.615385056,13,19230.77011
36,29,female,21.97802162,16,43956.04324
37,29,male,17.30769157,16,34615.38314
38,30,female,5.769230843,16,11538.46169
39,29,male,16.82692337,14,33653.84674
40,29,female,14.42307663,13,28846.15326
41,30,male,17.78846169,12,35576.92338
42,30,female,32,18,64000
43,29,male,19.23077011,12,38461.54022
44,29,male,10,9,20000
45,30,male,10,9,20000
46,30,male,10,9,20000
47,30,female,7.142857075,14,14285.71415
48,30,male,18.75048065,16,37500.9613
49,29,female,10.57692337,16,21153.84674
50,29,female,7.692307472,9,15384.61494
51,29,female,17.03296661,16,34065.93322
52,29,male,23.07692337,18,46153.84674
53,30,male,14.42307663,12,28846.15326
54,30,male,14.42307663,16,28846.15326
55,30,male,6.25,11,12500
56,30,male,22.11538506,12,44230.77012
57,29,female,27.77777863,12,55555.55726
58,30,male,21.63461494,16,43269.22988
59,30,male,10.98901081,16,21978.02162
60,30,female,14.42307663,16,28846.15326
61,30,male,13.73626328,13,27472.52656
62,29,male,12.98076916,12,25961.53832
63,29,male,8.653845787,12,17307.69157
64,30,female,8.653845787,14,17307.69157
65,30,female,12.21955109,14,24439.10218
66,29,female,12.5,12,25000
67,30,female,14.19413948,16,28388.27896
68,30,female,21.63461494,16,43269.22988
69,30,female,6.730769157,12,13461.53831
70,30,female,17.36923027,14,34738.46054
71,29,female,12.01923084,12,24038.46168
72,30,male,16.82692337,13,33653.84674
73,29,male,53.98173141,12,107963.4628
74,29,male,9.615385056,12,19230.77011
75,30,female,14.42307663,18,28846.15326
76,30,male,16.82692337,13,33653.84674
77,29,female,40.06394196,18,80127.88392
78,29,male,28.84615326,16,57692.30652
79,29,female,30.28846169,16,60576.92338
80,30,female,9.615385056,14,19230.77011
81,29,female,11.53846169,14,23076.92338
82,30,male,21.63461494,12,43269.22988
83,30,female,15.38461494,12,30769.22988
84,29,male,29.9145298,16,59829.0596
85,30,female,14.92500019,13,29850.00038
86,30,male,14.42307663,14,28846.15326
87,30,male,11.21794891,13,22435.89782
88,30,female,28.63247871,18,57264.95742
89,29,male,19.23077011,18,38461.54022
90,30,female,19.23077011,16,38461.54022
91,29,female,11.05769253,13,22115.38506
92,29,female,11.53846169,16,23076.92338
93,30,male,31.25,12,62500
94,30,male,24.03846169,14,48076.92338
95,30,female,22.30769157,16,44615.38314
96,29,male,16.82692337,13,33653.84674
97,30,female,19.66783142,16,39335.66284
98,29,male,17.18494225,13,34369.8845
99,30,female,25,16,50000
100,30,female,28,16,56000
101,29,female,32.69230652,16,65384.61304
102,30,male,14.00560188,12,28011.20376
103,30,male,10.98901081,12,21978.02162
104,29,male,14.9572649,16,29914.5298
105,29,male,27.88461494,16,55769.22988
106,30,female,10.09615421,13,20192.30842
107,30,male,13.46153831,6,26923.07662
108,30,male,2.136752129,12,4273.504258
109,29,male,23.93162346,14,47863.24692
110,29,female,13.35470104,13,26709.40208
111,29,male,18.57692337,18,37153.84674
112,29,female,17.07740402,16,34154.80804
113,30,male,22.11538506,16,44230.77012
114,30,male,17.94871712,16,35897.43424
115,30,female,12.01923084,14,24038.46168
116,30,male,11.05769253,12,22115.38506
117,30,male,39.2628212,16,78525.6424
118,30,female,18.81270981,18,37625.41962
119,29,male,14.42307663,12,28846.15326
120,29,female,16.82692337,12,33653.84674
121,30,female,15.38461494,13,30769.22988
122,29,female,15.38461494,13,30769.22988
123,30,male,19.23077011,18,38461.54022
124,30,male,19.23077011,12,38461.54022
125,29,female,16.20192337,16,32403.84674
126,29,female,11.53846169,13,23076.92338
127,30,male,6.976744175,12,13953.48835
128,30,female,20.19230843,13,40384.61686
129,29,male,12.5,12,25000
130,30,female,6.25,12,12500
131,30,female,13.46153831,18,26923.07662
132,30,female,12.98076916,12,25961.53832
133,29,male,16.82692337,14,33653.84674
134,30,male,29.4017086,16,58803.4172
135,30,male,14.79289913,13,29585.79826
136,30,female,18.75,13,37500
137,30,male,25,16,50000
138,30,male,14.61538506,14,29230.77012
139,30,male,8.222596169,9,16445.19234
140,30,male,19.95192337,16,39903.84674
141,30,female,22.03525734,18,44070.51468
142,29,male,21.44970322,13,42899.40644
143,29,male,13.02083302,12,26041.66604
144,29,female,10.57692337,13,21153.84674
145,30,male,18.49112511,14,36982.25022
146,30,male,3.571428537,13,7142.857074
147,29,male,12.5,18,25000
148,29,male,6.875,12,13750
149,30,male,4.807692528,6,9615.385056
150,30,male,8.653845787,12,17307.69157
151,29,male,9.95192337,16,19903.84674
152,29,female,6.224696159,13,12449.39232
153,29,male,12.01923084,12,24038.46168
154,30,male,17.31999969,16,34639.99938
155,30,female,10.47403812,16,20948.07624
156,29,female,28.6713295,16,57342.659
157,29,male,8.653845787,13,17307.69157
158,29,female,16.34615326,18,32692.30652
159,30,male,24.26739883,16,48534.79766
160,29,female,12.01923084,13,24038.46168
161,29,male,3.891941309,12,7783.882618
162,29,female,21.15384674,16,42307.69348
163,29,female,12.01923084,18,24038.46168
164,29,female,5.494505405,13,10989.01081
165,29,female,9.615385056,13,19230.77011
166,29,male,12.5,14,25000
167,30,male,24.03846169,14,48076.92338
168,29,male,10.09615421,13,20192.30842
169,30,male,21.36752129,13,42735.04258
170,30,male,10.98901081,12,21978.02162
171,29,male,32.69230652,13,65384.61304
172,30,male,8.974358559,16,17948.71712
173,29,male,16.82692337,12,33653.84674
174,30,female,11.05769253,13,22115.38506
175,29,female,7.932692528,12,15865.38506
176,29,female,20.5662384,14,41132.4768
177,30,male,20.75961494,16,41519.22988
178,30,female,20.67307663,13,41346.15326
179,30,male,8.136095047,12,16272.19009
180,30,male,9.615385056,12,19230.77011
181,29,male,13.46153831,12,26923.07662
182,30,male,9.134614944,12,18269.22989
183,29,male,7.211538315,13,14423.07663
184,29,female,4.326922894,13,8653.845788
185,29,female,18.75,16,37500
186,29,female,16.02564049,14,32051.28098
187,29,male,11.53846169,16,23076.92338
188,29,male,21.12980843,16,42259.61686
189,29,male,27.40384674,16,54807.69348
190,29,female,8.603239059,16,17206.47812
191,29,male,14.87451935,10,29749.0387
192,29,male,15.38461494,16,30769.22988
193,30,female,4.307692528,6,8615.385056
194,29,female,14.90384579,16,29807.69158
195,29,female,10.25,12,20500
196,30,female,17.78846169,13,35576.92338
197,29,female,26.55677605,16,53113.5521
198,29,male,48.07692337,16,96153.84674
199,29,male,25.96153831,14,51923.07662
200,29,female,20.19230843,16,40384.61686
201,29,male,12.96958828,12,25939.17656
202,29,male,24.35897446,13,48717.94892
203,29,male,9.615385056,6,19230.77011
204,29,male,10,12,20000
205,29,female,9.615385056,12,19230.77011
206,30,male,19.6078434,18,39215.6868
207,29,female,10.57692337,13,21153.84674
208,30,male,10.05917168,16,20118.34336
209,29,female,20.83333397,13,41666.66794
210,29,female,12.82051277,16,25641.02554
211,30,male,20.19230843,16,40384.61686
212,29,female,11.53846169,13,23076.92338
213,29,male,12.35294151,13,24705.88302
214,29,female,6.258503437,13,12517.00687
215,29,male,8.192788124,12,16385.57625
216,29,male,14.04134655,12,28082.6931
217,29,female,21.04957199,16,42099.14398
218,29,male,10.2564106,12,20512.8212
219,30,female,19.4285717,16,38857.1434
220,29,male,16.72240829,18,33444.81658
221,29,male,15.46822739,18,30936.45478
222,29,male,15.97633171,12,31952.66342
223,29,male,10.03846169,12,20076.92338
224,29,female,16.34615326,12,32692.30652
225,29,male,20.19230843,14,40384.61686
226,29,male,11.73076916,16,23461.53832
227,29,female,14.42307663,13,28846.15326
228,30,male,9.615385056,12,19230.77011
229,29,female,7.5,8,15000
230,30,male,16.34615326,6,32692.30652
231,30,male,20.67307663,12,41346.15326
232,29,female,16.82692337,14,33653.84674
233,29,male,11.53846169,16,23076.92338
234,29,male,16.82692337,12,33653.84674
235,30,male,15.27153873,12,30543.07746
236,29,male,17.1875,12,34375
237,29,female,28.84615326,16,57692.30652
238,29,female,8.653845787,11,17307.69157
239,29,male,10.41666698,9,20833.33396
240,29,female,12.5,12,25000
241,29,male,22.11538506,14,44230.77012
242,29,female,29.58579826,13,59171.59652
243,30,male,9.615385056,12,19230.77011
244,29,female,9.558823586,16,19117.64717
245,30,female,3.058823586,11,6117.647172
246,30,male,9.759230614,13,19518.46123
247,30,male,6.730769157,12,13461.53831
248,30,female,12.01923084,12,24038.46168
249,30,male,10.98901081,12,21978.02162
250,29,female,14.90384579,12,29807.69158
251,30,male,10.09615421,10,20192.30842
252,29,female,13.94230747,12,27884.61494
253,29,male,11.90476227,13,23809.52454
254,29,male,9.615385056,12,19230.77011
255,30,male,26.34615326,18,52692.30652
256,29,male,7.692307472,12,15384.61494
257,29,female,2.884615421,13,5769.230842
258,30,female,4.199999809,13,8399.999618
259,30,female,11.53846169,13,23076.92338
260,30,male,6.557692528,12,13115.38506
261,30,female,17.30769157,18,34615.38314
262,30,female,10.57692337,13,21153.84674
263,29,female,9.134614944,13,18269.22989
264,30,female,14.42307663,16,28846.15326
265,30,male,15.10988998,14,30219.77996
266,29,male,15.73426533,12,31468.53066
267,30,male,8.190883636,16,16381.76727
268,29,male,8.653845787,12,17307.69157
269,30,female,10.98901081,12,21978.02162
270,29,male,18,16,36000
271,30,male,7.8125,13,15625
272,30,male,20,16,40000
273,30,male,43.26922989,16,86538.45978
274,30,female,19.23077011,16,38461.54022
275,30,female,14.9572649,12,29914.5298
276,30,male,15.38461494,12,30769.22988
277,29,male,14.42307663,16,28846.15326
278,30,female,5.494505405,11,10989.01081
279,30,male,14.14027119,11,28280.54238
280,29,male,10.71428585,14,21428.5717
281,29,male,25.32051277,16,50641.02554
282,29,female,6.009615421,12,12019.23084
283,29,male,9.134614944,12,18269.22989
284,30,female,20.29914474,14,40598.28948
285,30,male,15.38461494,13,30769.22988
286,29,male,19.58041954,13,39160.83908
287,29,male,14.51923084,13,29038.46168
288,29,female,45.67307663,16,91346.15326
289,29,male,38.46154022,18,76923.08044
290,30,female,20.40816307,13,40816.32614
291,30,male,9.615385056,18,19230.77011
292,29,female,21.97802162,16,43956.04324
293,29,female,8.603239059,13,17206.47812
294,30,male,12.01923084,12,24038.46168
295,30,female,13.46153831,16,26923.07662
296,30,male,26.44230843,16,52884.61686
297,29,male,8.241758347,10,16483.51669
298,30,female,9.615385056,12,19230.77011
299,29,female,11.53846169,14,23076.92338
300,30,male,14.42307663,16,28846.15326
301,30,male,31.25,16,62500
302,30,female,31.25,16,62500
303,29,male,28.5714283,16,57142.8566
304,30,male,21.63461494,12,43269.22988
305,30,male,31.25,16,62500
306,29,male,24.51922989,18,49038.45978
307,29,male,11.05769253,12,22115.38506
308,29,male,12.98076916,16,25961.53832
309,30,male,20.19230843,13,40384.61686
310,30,male,8.17307663,16,16346.15326
311,29,male,14.90384579,12,29807.69158
312,29,female,22.11538506,12,44230.77012
313,29,male,10.43956089,13,20879.12178
314,30,female,13.125,16,26250
315,29,male,8.846154213,8,17692.30843
316,30,male,11.05769253,16,22115.38506
317,29,male,26.92307663,16,53846.15326
318,30,female,17.30769157,16,34615.38314
319,30,female,6.75,12,13500
320,29,female,13.46153831,12,26923.07662
321,29,male,31.25,13,62500
322,29,female,21.63461494,13,43269.22988
323,30,female,15.91346169,13,31826.92338
324,30,male,16.92307663,13,33846.15326
325,29,female,26.04166603,13,52083.33206
326,29,female,7.5,12,15000
327,30,female,19.23077011,13,38461.54022
328,29,male,18.26922989,13,36538.45978
329,30,female,16.70040512,16,33400.81024
330,30,male,11.27450943,12,22549.01886
331,30,male,21.97802162,12,43956.04324
332,29,male,10.76923084,16,21538.46168
333,30,male,15.38461494,12,30769.22988
334,29,male,14.42307663,13,28846.15326
335,29,female,16.34615326,14,32692.30652
336,30,male,27.77777863,14,55555.55726
337,29,female,13.46153831,13,26923.07662
338,30,male,32.05128098,16,64102.56196
339,30,male,11.05769253,12,22115.38506
340,30,male,26.44230843,12,52884.61686
341,29,female,16.34615326,16,32692.30652
342,29,male,50.90909195,16,101818.1839
343,30,male,13.24786282,12,26495.72564
344,29,male,10.2564106,13,20512.8212
345,29,male,20.19230843,12,40384.61686
346,29,male,19.23077011,18,38461.54022
347,29,female,19.23077011,18,38461.54022
348,30,male,10.57692337,12,21153.84674
349,30,male,23.07692337,16,46153.84674
350,29,male,20.5128212,16,41025.6424
351,30,male,6.783216953,18,13566.43391
352,30,female,28.84615326,18,57692.30652
353,30,female,24.03846169,13,48076.92338
354,30,female,24.66666603,18,49333.33206
355,30,female,16.58653831,18,33173.07662
356,29,male,12.01923084,12,24038.46168
357,29,male,17.52136803,16,35042.73606
358,30,female,15.38461494,13,30769.22988
359,29,male,23.07692337,16,46153.84674
360,29,female,7.371794701,13,14743.5894
361,30,female,5.341880322,16,10683.76064
362,29,male,17.19567299,12,34391.34598
363,30,male,30.76922989,16,61538.45978
364,30,male,19.23077011,18,38461.54022
365,30,female,11.07692337,13,22153.84674
366,29,male,16.82692337,12,33653.84674
367,30,male,13.73626328,13,27472.52656
368,30,male,16.02564049,13,32051.28098
369,29,female,19.23077011,13,38461.54022
370,30,female,13.22115421,14,26442.30842
371,30,female,22.95192337,16,45903.84674
372,29,male,20,13,40000
373,30,male,15,12,30000
374,29,male,13.46153831,12,26923.07662
375,30,female,12.98076916,13,25961.53832
376,30,female,26.44230843,16,52884.61686
377,29,female,9.615385056,13,19230.77011
378,30,male,19.23077011,10,38461.54022
379,30,male,16.23931694,16,32478.63388
380,30,male,9.615385056,11,19230.77011
381,29,male,34.61538315,18,69230.7663
382,30,male,28.84615326,16,57692.30652
383,30,female,16.82692337,16,33653.84674
384,29,male,23.50427437,16,47008.54874
385,29,male,24.03846169,18,48076.92338
386,29,male,16.65103149,12,33302.06298
387,30,male,16.82692337,13,33653.84674
388,29,male,15.38461494,18,30769.22988
389,29,male,19.23077011,14,38461.54022
390,30,male,16.43356705,16,32867.1341
391,30,female,8.17307663,14,16346.15326
392,30,female,21.75,16,43500
393,29,female,13.46153831,14,26923.07662
394,30,female,42.30769348,14,84615.38696
395,30,female,3.605769157,13,7211.538314
396,29,male,16.82692337,16,33653.84674
397,29,male,15.46153831,13,30923.07662
398,29,male,13.65096188,12,27301.92376
399,29,female,5.288461685,8,10576.92337
400,30,female,14.42307663,12,28846.15326
401,30,male,25,12,50000
402,29,female,40.86538315,16,81730.7663
403,30,female,24.03846169,12,48076.92338
404,29,male,22,13,44000
405,30,female,14.42307663,12,28846.15326
406,30,female,2.747252703,9,5494.505406
407,29,female,6.730769157,11,13461.53831
408,30,female,10.1214571,12,20242.9142
409,29,male,9.391771317,16,18783.54263
410,29,female,6.923077106,12,13846.15421
411,30,male,20.38461494,16,40769.22988
412,29,male,24.03846169,13,48076.92338
413,29,female,17.1875,14,34375
414,30,female,5.769230843,9,11538.46169
415,30,female,8.288461685,6,16576.92337
416,29,male,18.81270981,16,37625.41962
417,29,male,10.30219746,13,20604.39492
418,30,male,15,13,30000
419,30,male,14.42307663,8,28846.15326
420,29,male,13.94230747,13,27884.61494
421,30,male,33.65384674,14,67307.69348
422,30,female,12.01923084,13,24038.46168
423,29,female,22.22222137,16,44444.44274
424,30,male,20.19230843,12,40384.61686
425,30,female,9.615385056,16,19230.77011
426,29,male,24.51922989,18,49038.45978
427,30,male,14.42307663,12,28846.15326
428,30,female,11.45833302,16,22916.66604
429,30,female,15.625,14,31250
430,30,female,21.97802162,13,43956.04324
431,30,female,10.6275301,16,21255.0602
432,29,female,13.84615421,13,27692.30842
433,29,female,14.42307663,13,28846.15326
434,29,male,15.43269253,13,30865.38506
435,29,female,19.23077011,18,38461.54022
436,30,male,8.284023285,16,16568.04657
437,30,male,10.81730747,12,21634.61494
438,30,female,11.4285717,13,22857.1434
439,30,male,9.245562553,12,18491.12511
440,30,female,12.01923084,12,24038.46168
441,29,male,22.11538506,9,44230.77012
442,30,male,13.94230747,12,27884.61494
443,29,female,7.211538315,13,14423.07663
444,30,male,10.57692337,12,21153.84674
445,30,male,14.42307663,9,28846.15326
446,29,male,56.60416794,16,113208.3359
447,30,male,19.23077011,13,38461.54022
448,30,male,24.03846169,14,48076.92338
449,30,female,17.69230843,14,35384.61686
450,29,male,12.58741283,16,25174.82566
451,29,male,21.36752129,12,42735.04258
452,30,male,24.03846169,13,48076.92338
453,29,male,18.02884674,12,36057.69348
454,29,male,16.48351669,13,32967.03338
455,30,male,10.68376064,16,21367.52128
456,29,male,10,8,20000
457,29,female,18.26922989,13,36538.45978
458,30,male,9.615385056,14,19230.77011
459,29,male,22.99331093,18,45986.62186
460,29,female,17.30769157,18,34615.38314
461,29,male,26.92307663,13,53846.15326
462,30,male,40.86538315,16,81730.7663
463,29,male,25.51020432,12,51020.40864
464,30,female,26.92307663,13,53846.15326
465,30,male,22.59615326,12,45192.30652
466,30,female,3.846153736,12,7692.307472
467,29,male,33.65384674,14,67307.69348
468,30,male,12.23776245,16,24475.5249
469,30,male,12.98076916,12,25961.53832
470,30,male,2.644230843,13,5288.461686
471,29,male,12.30769253,12,24615.38506
472,30,male,12.75,18,25500
473,29,male,16.82692337,16,33653.84674
474,30,male,25,12,50000
475,29,male,16.82692337,16,33653.84674
476,30,female,6.730769157,9,13461.53831
477,29,male,22.11538506,16,44230.77012
478,29,male,6.593406677,11,13186.81335
479,29,male,19.23077011,13,38461.54022
480,29,male,8.974358559,12,17948.71712
481,29,female,11.10000038,13,22200.00076
482,29,male,15.38461494,12,30769.22988
483,29,female,12.5,16,25000
484,29,female,22.89377213,16,45787.54426
485,29,female,17.12932777,16,34258.65554
486,30,male,6.778846264,11,13557.69253
487,30,male,25,16,50000
488,29,female,11.53846169,11,23076.92338
489,29,female,12.5,13,25000
490,30,male,25.64102554,13,51282.05108
491,30,female,11,12,22000
492,30,male,15.14423084,12,30288.46168
493,30,female,18.75,12,37500
494,30,male,14.58333302,16,29166.66604
495,30,male,7.211538315,13,14423.07663
496,30,male,11.02564144,13,22051.28288
497,30,female,11.53846169,14,23076.92338
498,30,female,5.555555344,12,11111.11069
499,29,male,10.02403831,11,20048.07662
500,29,female,12.01923084,13,24038.46168
501,30,female,10.91476059,12,21829.52118
502,29,male,34.92063522,12,69841.27044
503,29,male,13.94230747,14,27884.61494
504,30,female,14.42307663,14,28846.15326
505,30,female,8.947368622,12,17894.73724
506,29,male,12.01923084,12,24038.46168
507,30,female,11.53846169,16,23076.92338
508,30,male,9.615385056,12,19230.77011
509,30,male,16.66666603,12,33333.33206
510,30,female,9.615385056,11,19230.77011
511,29,male,11.53846169,12,23076.92338
512,30,female,16.82692337,13,33653.84674
513,29,male,13.46153831,13,26923.07662
514,29,male,13.24786282,12,26495.72564
515,29,male,12.01923084,13,24038.46168
516,30,male,16.20370293,11,32407.40586
517,29,female,7.5,14,15000
518,30,male,19.23077011,14,38461.54022
519,29,male,8.653845787,8,17307.69157
520,29,male,12.82051277,14,25641.02554
521,30,female,8.17307663,16,16346.15326
522,30,female,14.9572649,14,29914.5298
523,30,male,20.19230843,14,40384.61686
524,29,female,19.23077011,18,38461.54022
525,30,female,15.625,13,31250
526,30,male,17.15686226,12,34313.72452
527,29,male,16.82692337,12,33653.84674
528,30,male,21.97802162,16,43956.04324
529,30,female,17.54807663,16,35096.15326
530,30,female,10,16,20000
531,29,male,20,16,40000
532,30,male,14.9572649,16,29914.5298
533,30,male,39.0625,12,78125
534,29,female,12.01923084,13,24038.46168
535,30,female,15.38461494,16,30769.22988
536,29,male,17.94871712,16,35897.43424
537,30,male,34.61538315,12,69230.7663
538,29,male,16.34615326,10,32692.30652
539,30,female,23.07692337,18,46153.84674
540,30,female,8.814102173,13,17628.20435
541,30,male,14.42307663,18,28846.15326
542,30,female,15.29720306,12,30594.40612
543,29,male,13.46153831,16,26923.07662
544,30,male,14.42307663,12,28846.15326
545,30,male,14.42307663,12,28846.15326
546,29,male,10.09615421,12,20192.30842
547,29,male,13.70192337,16,27403.84674
548,29,male,31.25,12,62500
549,29,male,13.2867136,13,26573.4272
550,30,male,40.86538315,16,81730.7663
551,30,male,38.46154022,16,76923.08044
552,29,male,16.82692337,13,33653.84674
553,30,male,11.53846169,12,23076.92338
554,30,male,19.23077011,16,38461.54022
555,29,male,12.82051277,16,25641.02554
556,30,male,41.95804214,16,83916.08428
557,30,male,10,12,20000
558,29,female,11.89903831,16,23798.07662
559,30,male,21.97802162,16,43956.04324
560,29,female,5.208333492,11,10416.66698
561,29,male,20.19230843,12,40384.61686
562,30,male,17.320261,12,34640.522
563,30,male,74.5192337,16,149038.4674
564,30,male,13.98601437,13,27972.02874
565,29,female,24.03846169,13,48076.92338
566,30,female,9.615385056,8,19230.77011
567,29,male,17.30769157,13,34615.38314
568,29,female,19.23077011,16,38461.54022
569,30,male,42.30769348,13,84615.38696
570,29,female,10.57692337,13,21153.84674
571,30,male,19.6581192,16,39316.2384
572,30,male,9.615385056,12,19230.77011
573,30,male,12.01923084,13,24038.46168
574,30,female,12.01923084,12,24038.46168
575,30,male,7.272727489,12,14545.45498
576,29,female,18.50961494,16,37019.22988
577,29,male,7.211538315,12,14423.07663
578,29,female,7.211538315,10,14423.07663
579,29,female,23.07692337,12,46153.84674
580,30,male,8.069231033,12,16138.46207
581,29,male,11.83431911,16,23668.63822
582,30,male,38.46154022,16,76923.08044
583,29,male,17.7010498,12,35402.0996
584,30,male,10.57692337,12,21153.84674
585,30,female,13.94230747,13,27884.61494
586,30,male,19.23077011,12,38461.54022
587,30,female,24.03846169,16,48076.92338
588,30,female,9.615385056,13,19230.77011
589,29,female,17.98077011,18,35961.54022
590,29,male,36.05769348,13,72115.38696
591,29,female,33.78378296,18,67567.56592
592,29,male,29.80769157,13,59615.38314
593,30,female,12.63736248,13,25274.72496
594,29,male,19.23077011,16,38461.54022
595,30,female,9.134614944,12,18269.22989
596,29,male,16.66666603,12,33333.33206
597,29,male,35.09615326,12,70192.30652
598,30,male,15.54828167,16,31096.56334
599,30,male,19.23077011,13,38461.54022
600,30,male,8.17307663,12,16346.15326
601,30,female,9.230769157,13,18461.53831
602,29,male,9.8039217,12,19607.8434
603,29,male,24.03846169,16,48076.92338
604,29,male,18.26922989,12,36538.45978
605,30,female,16.82692337,18,33653.84674
606,30,male,32.69230652,16,65384.61304
607,30,male,36.05769348,13,72115.38696
608,29,female,13,13,26000
609,29,male,12.5,14,25000
610,30,female,13.67521381,12,27350.42762
611,30,male,8.17307663,12,16346.15326
612,30,male,10.98901081,12,21978.02162
613,30,male,9.615385056,12,19230.77011
614,30,male,6.923077106,12,13846.15421
615,29,male,15.96153831,14,31923.07662
616,29,male,14.02243614,13,28044.87228
617,29,male,13.73626328,12,27472.52656
618,30,female,21.97802162,16,43956.04324
619,30,male,25,16,50000
620,30,male,14.86013985,16,29720.2797
621,30,male,12.98076916,13,25961.53832
622,30,male,19.23077011,13,38461.54022
623,29,female,25,13,50000
624,29,male,21.05999947,16,42119.99894
625,29,male,4.166666508,16,8333.333016
626,29,male,46.15384674,13,92307.69348
627,30,male,28.84615326,12,57692.30652
628,29,female,10.9375,12,21875
629,30,female,9.615385056,13,19230.77011
630,29,male,86.53845978,13,173076.9196
631,29,female,14.6875,16,29375
632,30,male,24.03846169,16,48076.92338
633,30,female,14.42307663,12,28846.15326
634,30,female,8.653845787,13,17307.69157
635,29,female,28.36538506,18,56730.77012
636,30,male,49.51922989,14,99038.45978
637,29,male,55.28845978,18,110576.9196
638,29,female,12.63736248,18,25274.72496
639,29,male,11,12,22000
640,29,female,8.547008514,13,17094.01703
641,29,female,21.36752129,16,42735.04258
642,29,male,17.78846169,14,35576.92338
643,29,female,19.23077011,12,38461.54022
644,29,male,7.5,6,15000
645,30,female,11.29807663,16,22596.15326
646,29,male,19.23077011,12,38461.54022
647,29,male,13.94230747,13,27884.61494
648,29,female,6.25,9,12500
649,29,female,8.653845787,12,17307.69157
650,30,male,10.09615421,11,20192.30842
651,30,female,14.58333302,11,29166.66604
652,29,male,27.2435894,12,54487.1788
653,30,female,14.42307663,12,28846.15326
654,29,female,16.82692337,16,33653.84674
655,29,male,47.11538315,18,94230.7663
656,29,female,19.23077011,14,38461.54022
657,29,male,13.02083302,12,26041.66604
658,29,male,11.53846169,16,23076.92338
659,30,male,9.615385056,12,19230.77011
660,29,female,2.56410265,11,5128.2053
661,30,male,13.6217947,13,27243.5894
662,30,male,8.17307663,12,16346.15326
663,30,male,19.23077011,14,38461.54022
664,30,female,13.35470104,13,26709.40208
665,29,male,20.0854702,16,40170.9404
666,29,female,16.70040512,16,33400.81024
667,29,male,24.03846169,13,48076.92338
668,30,male,14.42307663,12,28846.15326
669,30,female,15.38461494,16,30769.22988
670,29,male,4.430769444,12,8861.538888
671,29,female,13.07692337,13,26153.84674
672,30,female,35.09615326,18,70192.30652
673,29,male,17.94871712,16,35897.43424
674,29,male,9.615385056,12,19230.77011
675,30,female,12.74038506,18,25480.77012
676,30,male,21.63461494,13,43269.22988
677,29,female,11.53846169,14,23076.92338
678,30,female,5.288461685,14,10576.92337
679,30,male,34.61538315,12,69230.7663
680,30,female,10.57692337,12,21153.84674
681,30,male,29.58579826,13,59171.59652
682,30,female,34.13461685,18,68269.2337
683,29,male,27.47252655,12,54945.0531
684,30,male,5.528846264,13,11057.69253
685,30,male,12.08791256,12,24175.82512
686,29,male,11.53846169,12,23076.92338
687,29,female,16.82692337,13,33653.84674
688,29,female,16.74679565,16,33493.5913
689,29,female,19.23077011,16,38461.54022
690,30,female,17.52136803,16,35042.73606
691,29,female,6.730769157,12,13461.53831
692,29,female,9.8039217,12,19607.8434
693,29,female,12.69230747,13,25384.61494
694,29,male,35.7142868,12,71428.5736
695,30,female,15.86538506,16,31730.77012
696,29,male,6.946153641,12,13892.30728
697,29,male,46.15384674,18,92307.69348
698,29,male,10.38461494,12,20769.22988
699,30,male,8.653845787,12,17307.69157
700,29,female,7.984615326,12,15969.23065
701,29,male,9.615385056,12,19230.77011
702,29,female,14.10256386,12,28205.12772
703,30,male,8.653845787,13,17307.69157
704,29,female,11.05769253,12,22115.38506
705,29,male,23,14,46000
706,30,male,7.692307472,13,15384.61494
707,29,female,25.64102554,18,51282.05108
708,29,male,14.42307663,14,28846.15326
709,29,female,33.65384674,16,67307.69348
710,29,female,5.769230843,12,11538.46169
711,30,female,21.63461494,12,43269.22988
712,30,male,15.86538506,16,31730.77012
713,29,male,19.23077011,16,38461.54022
714,30,male,24.03846169,12,48076.92338
715,30,male,13.46153831,8,26923.07662
716,29,male,19.6078434,11,39215.6868
717,30,male,25.24038506,13,50480.77012
718,29,male,28.84615326,13,57692.30652
719,29,female,20.19230843,16,40384.61686
720,29,male,43.26922989,16,86538.45978
721,30,female,16.94139099,16,33882.78198
722,30,male,9.615385056,12,19230.77011
723,29,female,14.42307663,16,28846.15326
724,29,male,12.5,12,25000
725,30,male,17.48251724,18,34965.03448
726,29,female,9.230769157,16,18461.53831
727,30,male,14.52991486,14,29059.82972
728,30,male,5.288461685,11,10576.92337
729,30,male,16.82692337,13,33653.84674
730,29,male,17.09401703,12,34188.03406
731,30,male,11,9,22000
732,30,male,36.92307663,16,73846.15326
733,29,male,12.01923084,12,24038.46168
734,30,female,16.34615326,13,32692.30652
735,30,female,14.86013985,16,29720.2797
736,29,male,7.692307472,12,15384.61494
737,30,female,33.65384674,18,67307.69348
738,29,male,9.616346359,13,19232.69272
739,29,male,15.38461494,12,30769.22988
740,29,male,15,14,30000
741,29,male,18,12,36000
742,30,male,14.9572649,12,29914.5298
743,29,male,9,12,18000
744,29,female,20,18,40000
745,29,male,14.18269253,12,28365.38506
746,29,male,17.78846169,13,35576.92338
747,29,male,12.39316273,12,24786.32546
748,30,female,9.890110016,12,19780.22003
749,30,female,26.34615326,16,52692.30652
750,29,female,16.34615326,13,32692.30652
751,29,female,13.5746603,18,27149.3206
752,30,male,15.38461494,13,30769.22988
753,30,male,18.26922989,13,36538.45978
754,29,female,16.66666603,16,33333.33206
755,29,male,10.76923084,12,21538.46168
756,29,male,21.36752129,12,42735.04258
757,30,female,12.01923084,13,24038.46168
758,30,male,5.288461685,12,10576.92337
759,30,male,11.53846169,14,23076.92338
760,29,female,22.45986557,16,44919.73114
761,30,female,15.38461494,12,30769.22988
762,30,male,12.01923084,12,24038.46168
763,30,male,13.94230747,12,27884.61494
764,29,male,15.04653835,13,30093.0767
765,30,male,14.60114002,12,29202.28004
766,30,male,14.42307663,13,28846.15326
767,29,female,5.769230843,13,11538.46169
768,30,male,12.30769253,12,24615.38506
769,30,female,16.34615326,13,32692.30652
770,30,female,17.78846169,18,35576.92338
771,29,male,25.96153831,16,51923.07662
772,30,female,19.6581192,16,39316.2384
773,30,female,18.49112511,16,36982.25022
774,29,male,3.328402281,12,6656.804562
775,30,male,3.328402281,12,6656.804562
776,29,male,11.53846169,12,23076.92338
777,29,male,12.23776245,12,24475.5249
778,30,male,13.69047642,12,27380.95284
779,30,female,21.36752129,14,42735.04258
780,30,male,12.82051277,12,25641.02554
781,30,male,28.84615326,16,57692.30652
782,30,male,12.01923084,16,24038.46168
783,29,female,11.66666698,16,23333.33396
784,29,male,16.34615326,12,32692.30652
785,29,male,24.72527504,16,49450.55008
786,30,female,16.82692337,16,33653.84674
787,30,male,27.88461494,12,55769.22988
788,29,female,12.74038506,12,25480.77012
789,29,male,7.692307472,12,15384.61494
790,29,male,14.18269253,13,28365.38506
791,30,female,6.730769157,12,13461.53831
792,29,female,5.288461685,16,10576.92337
793,30,male,15.86538506,12,31730.77012
794,30,female,4.615384579,14,9230.769158
795,30,female,8.012820244,18,16025.64049
796,30,male,16.34615326,16,32692.30652
797,29,female,9.230769157,12,18461.53831
798,29,female,15.38461494,18,30769.22988
799,29,female,15.38461494,16,30769.22988
800,30,female,17.03296661,16,34065.93322
801,30,male,16.34615326,12,32692.30652
802,30,female,16.23931694,12,32478.63388
803,30,male,18.26922989,13,36538.45978
804,29,male,21.07988167,12,42159.76334
805,29,male,9.615385056,12,19230.77011
806,30,male,14.42307663,13,28846.15326
807,30,female,10.41586494,13,20831.72988
808,30,male,37.11538315,13,74230.7663
809,30,female,14.42307663,12,28846.15326
810,29,female,17.10526276,13,34210.52552
811,30,male,36.05769348,13,72115.38696
812,30,female,26.37362671,18,52747.25342
813,30,female,11.53846169,12,23076.92338
814,30,female,13.46153831,12,26923.07662
815,30,female,8.653845787,13,17307.69157
816,29,female,38.94230652,14,77884.61304
817,29,male,11.53846169,12,23076.92338
818,30,male,11.05769253,12,22115.38506
819,29,male,8.07692337,16,16153.84674
820,30,female,3.846153736,14,7692.307472
821,30,female,15.86538506,13,31730.77012
822,29,male,84.13461304,12,168269.2261
823,29,female,21.97802162,16,43956.04324
824,30,male,19.23077011,12,38461.54022
825,29,female,15.86538506,16,31730.77012
826,30,female,33.28402328,18,66568.04656
827,30,female,10.52631569,13,21052.63138
828,30,male,10.09615421,12,20192.30842
829,29,male,9.348290443,13,18696.58089
830,30,male,82.77591705,16,165551.8341
831,29,male,9.065934181,13,18131.86836
832,29,female,45.67307663,18,91346.15326
833,29,female,15.38461494,12,30769.22988
834,30,male,34.18803406,18,68376.06812
835,29,male,10,12,20000
836,30,female,12.93269253,12,25865.38506
837,30,male,26.44230843,12,52884.61686
838,30,female,14.42307663,13,28846.15326
839,30,female,19.23077011,13,38461.54022
840,30,female,15.38461494,16,30769.22988
841,29,male,28.84615326,12,57692.30652
842,30,female,13.36682701,13,26733.65402
843,29,female,24.03846169,16,48076.92338
844,29,male,15.86538506,12,31730.77012
845,29,male,21.63461494,14,43269.22988
846,29,male,18.15476227,14,36309.52454
847,30,male,11.44688606,12,22893.77212
848,29,female,20.83333397,16,41666.66794
849,30,male,21.36752129,14,42735.04258
850,30,male,31.25,13,62500
851,29,female,24,16,48000
852,29,female,18.26922989,12,36538.45978
853,29,male,12.01923084,12,24038.46168
854,30,female,7.142857075,12,14285.71415
855,30,male,9.615385056,13,19230.77011
856,29,male,30.06410217,12,60128.20434
857,29,male,15.38461494,14,30769.22988
858,29,male,9.615385056,12,19230.77011
859,29,male,8.153845787,12,16307.69157
860,30,female,16.34615326,18,32692.30652
861,30,female,12.82051277,13,25641.02554
862,29,male,20.97902107,14,41958.04214
863,30,male,97.5,16,195000
864,29,female,7.211538315,9,14423.07663
865,29,male,35.16483688,12,70329.67376
866,29,female,8.653845787,16,17307.69157
867,30,male,19.23077011,12,38461.54022
868,30,female,9.340659142,12,18681.31828
869,30,male,16.34615326,16,32692.30652
870,30,female,20.67307663,16,41346.15326
871,30,female,11.21794891,16,22435.89782
872,29,male,17.30769157,12,34615.38314
873,29,female,23.07692337,12,46153.84674
874,30,male,24.03846169,16,48076.92338
875,29,male,36.05769348,12,72115.38696
876,29,female,20.2429142,14,40485.8284
877,30,male,14.42307663,13,28846.15326
878,30,female,40.86538315,16,81730.7663
879,29,male,11.53846169,16,23076.92338
880,30,male,9.615385056,18,19230.77011
881,30,male,7.843137264,12,15686.27453
882,29,male,17.30769157,13,34615.38314
883,30,male,8.741258621,12,17482.51724
884,30,female,20.4959507,16,40991.9014
885,29,male,15.38461494,18,30769.22988
886,30,male,19.95192337,13,39903.84674
887,29,male,12,13,24000
888,30,female,14.42307663,18,28846.15326
889,29,male,11.53846169,13,23076.92338
890,30,male,24.03846169,13,48076.92338
891,29,male,8.17307663,6,16346.15326
892,30,female,12.98076916,13,25961.53832
893,29,male,25.84615326,12,51692.30652
894,29,female,10.09615421,13,20192.30842
895,30,male,47.00384521,12,94007.69042
896,30,male,3.219696999,16,6439.393998
897,29,male,19.23077011,12,38461.54022
898,30,male,7.5,11,15000
899,30,male,7.5,8,15000
900,30,male,7.5,11,15000
901,30,male,50.96154022,16,101923.0804
902,29,male,26.31579018,13,52631.58036
903,29,female,24.03846169,18,48076.92338
904,29,female,16,12,32000
905,30,female,32.69230652,16,65384.61304
906,30,male,12.25490189,13,24509.80378
907,29,male,12.82051277,11,25641.02554
908,30,male,31.25,16,62500
909,29,male,31.25,14,62500
910,30,female,8.75,18,17500
911,29,male,16.875,13,33750
912,29,male,20.67307663,14,41346.15326
913,30,female,13.46153831,16,26923.07662
914,30,female,11.53048801,16,23060.97602
915,30,female,16,12,32000
916,30,female,10.14957237,16,20299.14474
917,29,male,12.01923084,12,24038.46168
918,30,male,14.54402542,13,29088.05084
919,30,male,15.38461494,18,30769.22988
920,30,male,21.63461494,18,43269.22988
921,30,male,9.615385056,12,19230.77011
922,30,female,11,16,22000
923,29,male,14.7435894,16,29487.1788
924,29,male,27.69230843,12,55384.61686
925,30,female,21.15384674,16,42307.69348
926,30,female,15.38461494,16,30769.22988
927,29,female,8.547008514,13,17094.01703
928,30,female,10.6275301,9,21255.0602
929,29,male,8.241758347,6,16483.51669
930,30,female,10.33653831,10,20673.07662
931,30,male,9.568750381,9,19137.50076
932,29,female,6.384615421,12,12769.23084
933,29,male,12.01923084,14,24038.46168
934,29,female,9.134614944,14,18269.22989
935,30,female,14.42307663,18,28846.15326
936,29,female,7.339743614,13,14679.48723
937,30,male,9.114583015,12,18229.16603
938,29,female,14.42307663,10,28846.15326
939,29,male,19.23077011,11,38461.54022
940,29,male,16.02564049,16,32051.28098
941,29,male,12.5,12,25000
942,30,male,12,13,24000
943,29,male,15.70192337,11,31403.84674
944,30,female,24.51826859,16,49036.53718
945,30,male,7.692307472,6,15384.61494
946,29,female,10.32451916,13,20649.03832
947,30,male,9.829059601,16,19658.1192
948,29,male,9.615385056,14,19230.77011
949,30,male,5.769230843,12,11538.46169
950,30,male,27.88461494,13,55769.22988
951,30,female,14.42307663,12,28846.15326
952,30,female,6.593406677,12,13186.81335
953,29,female,27.77777863,14,55555.55726
954,29,female,13.46153831,12,26923.07662
955,30,female,22.30769157,12,44615.38314
956,30,female,23.55769157,16,47115.38314
957,30,female,13.46153831,6,26923.07662
958,29,male,21.63461494,13,43269.22988
959,29,male,29.80769157,16,59615.38314
960,30,male,6.730769157,10,13461.53831
961,29,female,9.615385056,10,19230.77011
962,29,male,36.05769348,13,72115.38696
963,29,male,23.07692337,16,46153.84674
964,29,male,22.39583397,16,44791.66794
965,29,male,17.30769157,14,34615.38314
966,29,male,11.35135174,13,22702.70348
967,30,male,25,12,50000
968,29,male,11.91489315,12,23829.7863
969,29,female,11.01762867,13,22035.25734
970,30,male,30.76922989,16,61538.45978
971,30,male,10.2564106,9,20512.8212
972,29,male,19.32692337,16,38653.84674
973,30,male,10.8560791,12,21712.1582
974,29,female,14.82371807,12,29647.43614
975,29,female,15.38461494,12,30769.22988
976,30,male,12.08791256,12,24175.82512
977,30,male,12.01923084,8,24038.46168
978,30,male,14.42307663,13,28846.15326
979,29,female,12.5,14,25000
980,29,male,13.31360912,13,26627.21824
981,30,female,8.461538315,11,16923.07663
982,30,female,17.30769157,16,34615.38314
983,29,female,11.05769253,12,22115.38506
984,30,male,6.593406677,12,13186.81335
985,29,female,19.23077011,18,38461.54022
986,29,male,26.44230843,18,52884.61686
987,29,female,9.230769157,16,18461.53831
988,29,male,15.38461494,14,30769.22988
989,29,male,12.82051277,14,25641.02554
990,29,male,9.615385056,12,19230.77011
991,29,male,13.94230747,13,27884.61494
992,30,male,7.5,8,15000
993,29,male,6.25,13,12500
994,30,male,8.17307663,12,16346.15326
995,29,female,17.52136803,16,35042.73606
996,29,male,28.84615326,14,57692.30652
997,29,male,20.19230843,13,40384.61686
998,29,male,11.05769253,16,22115.38506
999,29,male,7.692307472,12,15384.61494
1000,30,male,16.9871788,14,33974.3576
1001,30,male,10.23076916,13,20461.53832
1002,29,male,16.82692337,12,33653.84674
1003,29,male,12.5,12,25000
1004,30,male,25.96153831,13,51923.07662
1005,30,female,6.730769157,6,13461.53831
1006,29,male,16.34615326,10,32692.30652
1007,29,male,19.23077011,18,38461.54022
1008,29,female,15.38461494,16,30769.22988
1009,29,female,18.62637329,14,37252.74658
1010,29,male,26.44230843,12,52884.61686
1011,30,female,12.5,13,25000
1012,29,male,7.211538315,14,14423.07663
1013,30,female,7.211538315,13,14423.07663
1014,30,male,8.170513153,12,16341.02631
1015,29,female,14.42307663,16,28846.15326
1016,29,male,7.692307472,6,15384.61494
1017,29,male,8.653845787,6,17307.69157
1018,29,male,14.9572649,16,29914.5298
1019,29,female,19.23077011,16,38461.54022
1020,30,female,7.766272068,12,15532.54414
1021,29,female,6.868131638,12,13736.26328
1022,30,male,26.44230843,12,52884.61686
1023,29,male,19.23077011,16,38461.54022
1024,30,female,5.769230843,12,11538.46169
1025,30,male,7.211538315,12,14423.07663
1026,30,female,9.5,11,19000
1027,30,male,16.82692337,12,33653.84674
1028,30,female,9.615385056,12,19230.77011
1029,29,male,27.0979023,16,54195.8046
1030,29,female,9.615385056,16,19230.77011
1031,30,female,7.211538315,12,14423.07663
1032,29,female,12.01923084,12,24038.46168
1033,30,male,13.19711494,6,26394.22988
1034,29,male,25,16,50000
1035,30,female,14.90384579,12,29807.69158
1036,29,male,14.42307663,16,28846.15326
1037,29,male,20,12,40000
1038,29,male,12.01923084,12,24038.46168
1039,30,female,9.935897827,12,19871.79565
1040,30,male,21.15384674,18,42307.69348
1041,29,female,18.26922989,12,36538.45978
1042,30,female,16.82692337,14,33653.84674
1043,29,male,38.46154022,16,76923.08044
1044,29,male,8.012820244,9,16025.64049
1045,30,female,10.76923084,12,21538.46168
1046,30,male,17.30769157,16,34615.38314
1047,30,female,11.53846169,13,23076.92338
1048,30,male,17.30769157,13,34615.38314
1049,29,female,10.33653831,12,20673.07662
1050,30,female,6.730769157,12,13461.53831
1051,30,male,21.36752129,18,42735.04258
1052,30,female,16.82692337,16,33653.84674
1053,29,male,5.982905865,9,11965.81173
1054,29,female,14.23076916,16,28461.53832
1055,29,male,9.615385056,12,19230.77011
1056,30,female,10.41666698,12,20833.33396
1057,30,male,15.38461494,12,30769.22988
1058,29,male,48.55769348,13,97115.38696
1059,30,female,26.44230843,18,52884.61686
1060,29,female,16.82692337,12,33653.84674
1061,29,female,17.62019157,16,35240.38314
1062,30,male,12.30769253,14,24615.38506
1063,29,male,16.82692337,16,33653.84674
1064,30,male,24.03846169,16,48076.92338
1065,30,female,14.10256386,16,28205.12772
1066,29,male,15.03496456,14,30069.92912
1067,29,male,21.63461494,12,43269.22988
1068,29,male,29.80769157,16,59615.38314
1069,30,female,9.134614944,14,18269.22989
1070,29,female,6.730769157,13,13461.53831
1071,29,female,4.120879173,16,8241.758346
1072,29,male,4.807692528,16,9615.385056
1073,30,male,13.89999962,12,27799.99924
1074,30,male,27.26202011,12,54524.04022
1075,30,female,36.05769348,16,72115.38696
1076,29,male,9.615385056,16,19230.77011
1077,29,male,7.211538315,12,14423.07663
1078,30,male,14.42307663,12,28846.15326
1079,29,male,15.1709404,13,30341.8808
1080,30,male,9.615385056,11,19230.77011
1081,29,male,12.30769253,16,24615.38506
1082,30,female,16.82692337,18,33653.84674
1083,29,female,9.134614944,11,18269.22989
1084,29,female,13.46153831,16,26923.07662
1085,30,male,19.23077011,16,38461.54022
1086,29,male,20.5128212,13,41025.6424
1087,30,female,8.17307663,14,16346.15326
1088,30,female,14.42307663,13,28846.15326
1089,30,male,11.80555534,12,23611.11068
1090,29,male,12.30769253,13,24615.38506
1091,29,male,6.25,12,12500
1092,30,male,10.09615421,13,20192.30842
1093,30,female,15.76923084,18,31538.46168
1094,30,male,27.40384674,14,54807.69348
1095,29,male,13.46153831,11,26923.07662
1096,30,male,18.26922989,16,36538.45978
1097,29,female,25.64102554,16,51282.05108
1098,29,male,19.23077011,12,38461.54022
1099,29,female,13.89903831,13,27798.07662
1100,29,male,20.67307663,12,41346.15326
1101,29,male,52.16345978,16,104326.9196
1102,30,male,14.61538506,18,29230.77012
1103,29,male,14.42307663,12,28846.15326
1104,29,male,9.615385056,16,19230.77011
1105,30,male,21.63461494,12,43269.22988
1106,29,male,26.44230843,14,52884.61686
1107,29,male,23.07692337,16,46153.84674
1108,30,male,38.46154022,18,76923.08044
1109,29,male,10.57692337,10,21153.84674
1110,30,female,22.64957237,16,45299.14474
1111,29,male,14.05325413,14,28106.50826
1112,30,female,18.26922989,16,36538.45978
1113,29,male,8.461538315,12,16923.07663
1114,29,female,10.57692337,13,21153.84674
1115,29,female,13.24786282,12,26495.72564
1116,29,female,12.5,16,25000
1117,30,male,19.23077011,16,38461.54022
1118,30,male,21.63461494,12,43269.22988
1119,30,female,15.38461494,16,30769.22988
1120,30,female,22.11538506,16,44230.77012
1121,29,female,16.82692337,18,33653.84674
1122,30,male,30,16,60000
1123,29,male,20,16,40000
1124,30,female,28.84615326,16,57692.30652
1125,30,male,10.2564106,16,20512.8212
1126,29,female,9.615385056,14,19230.77011
1127,30,female,7.548077106,16,15096.15421
1128,30,male,26.44230843,12,52884.61686
1129,29,male,15.30769253,16,30615.38506
1130,29,female,10.09615421,16,20192.30842
1131,29,male,12.11538506,12,24230.77012
1132,29,male,7.25,6,14500
1133,29,male,10.09615421,13,20192.30842
1134,30,male,9.615385056,13,19230.77011
1135,30,male,16.82692337,12,33653.84674
1136,29,female,12.5,12,25000
1137,30,male,16.34615326,12,32692.30652
1138,30,male,16.82692337,16,33653.84674
1139,30,male,15.38461494,12,30769.22988
1140,30,female,16.10577011,12,32211.54022
1141,30,male,17.30769157,16,34615.38314
1142,29,female,15.38461494,16,30769.22988
1143,29,male,19.23077011,12,38461.54022
1144,29,female,66.78413391,16,133568.2678
1145,30,male,14.42307663,13,28846.15326
1146,29,female,13.94230747,16,27884.61494
1147,29,male,16.23999977,13,32479.99954
1148,29,male,6.25,9,12500
1149,30,male,8.653845787,9,17307.69157
1150,30,male,7.982583523,16,15965.16705
1151,29,male,24.03846169,12,48076.92338
1152,30,male,33.65384674,16,67307.69348
1153,29,male,28.84615326,11,57692.30652
1154,29,female,11.53846169,16,23076.92338
1155,29,male,23.07692337,13,46153.84674
1156,29,female,11.01586533,18,22031.73066
1157,29,male,11.53846169,12,23076.92338
1158,30,female,12.5,13,25000
1159,29,male,15,16,30000
1160,29,male,19.23077011,13,38461.54022
1161,30,male,23.07692337,13,46153.84674
1162,29,male,15.22435856,12,30448.71712
1163,29,male,11.8842659,12,23768.5318
1164,29,female,17.30769157,12,34615.38314
1165,29,male,12.5,18,25000
1166,29,female,10.57692337,12,21153.84674
1167,30,female,25.48077011,16,50961.54022
1168,30,female,14.42307663,14,28846.15326
1169,29,male,16.82692337,13,33653.84674
1170,30,female,11.11111069,16,22222.22138
1171,30,female,9.615385056,12,19230.77011
1172,29,male,10.38461494,16,20769.22988
1173,30,female,10.76923084,16,21538.46168
1174,30,male,14.6875,16,29375
1175,29,male,19.71153831,12,39423.07662
1176,29,male,11.53846169,13,23076.92338
1177,30,male,14.42307663,12,28846.15326
1178,29,male,9.401709557,14,18803.41911
1179,30,male,21.63461494,12,43269.22988
1180,30,male,15,12,30000
1181,30,male,11,12,22000
1182,29,female,22,16,44000
1183,30,male,16.82692337,14,33653.84674
1184,30,female,16.82692337,16,33653.84674
1185,30,female,17.78846169,13,35576.92338
1186,29,female,9.081196785,13,18162.39357
1187,30,female,9.615385056,11,19230.77011
1188,30,male,14.42307663,12,28846.15326
1189,30,female,7.211538315,12,14423.07663
1190,30,male,16.82692337,12,33653.84674
1191,30,female,11.05769253,16,22115.38506
1192,30,female,6.730769157,12,13461.53831
1193,30,female,10.57692337,12,21153.84674
1194,29,male,24.03846169,16,48076.92338
1195,30,male,38.94230652,16,77884.61304
1196,29,male,10.625,12,21250
1197,29,female,11.53846169,12,23076.92338
1198,30,male,17.30769157,12,34615.38314
1199,30,female,12.11538506,14,24230.77012
1200,30,male,32.06634521,13,64132.69042
1201,29,male,14.42307663,12,28846.15326
1202,29,female,16.34615326,16,32692.30652
1203,30,female,31.73077011,13,63461.54022
1204,30,female,11.53846169,13,23076.92338
1205,30,female,9.615385056,14,19230.77011
1206,30,male,10.98901081,16,21978.02162
1207,29,female,14.52991486,16,29059.82972
1208,30,male,34.61538315,12,69230.7663
1209,29,male,31.25,14,62500
1210,30,male,19.87179565,13,39743.5913
1211,30,male,40.59828949,13,81196.57898
1212,29,male,24.03846169,14,48076.92338
1213,29,female,11.55769253,11,23115.38506
1214,30,female,14.42307663,12,28846.15326
1215,30,male,9.615385056,9,19230.77011
1216,30,female,19.23077011,13,38461.54022
1217,30,female,8.17307663,10,16346.15326
1218,30,male,7.211538315,12,14423.07663
1219,30,male,20,12,40000
1220,29,male,7.211538315,11,14423.07663
1221,30,female,41.53845978,14,83076.91956
1222,29,female,7.211538315,13,14423.07663
1223,29,male,25.96153831,13,51923.07662
1224,29,male,7.5,6,15000
1225,29,male,16.82692337,12,33653.84674
1226,29,male,15.38461494,13,30769.22988
1227,29,male,9.635416985,13,19270.83397
1228,29,male,20.14652061,16,40293.04122
1229,29,female,2.884615421,13,5769.230842
1230,30,male,9.134614944,12,18269.22989
1231,29,male,16.48351669,12,32967.03338
1232,30,female,9.545454979,16,19090.90996
1233,29,female,13.46153831,12,26923.07662
1234,30,male,17.30769157,13,34615.38314
1235,30,male,12.98076916,12,25961.53832
1236,29,male,16.82692337,16,33653.84674
1237,29,male,15.38461494,13,30769.22988
1238,30,female,23.07692337,16,46153.84674
1239,30,male,34.61538315,18,69230.7663
1240,29,male,8.17307663,13,16346.15326
1241,30,male,12.5,13,25000
1242,29,male,15.1960783,13,30392.1566
1243,30,male,5.208333492,13,10416.66698
1244,30,male,10.92500019,12,21850.00038
1245,29,male,13.94230747,12,27884.61494
1246,29,male,11.53846169,12,23076.92338
1247,30,male,14.21153831,14,28423.07662
1248,30,male,9.615385056,12,19230.77011
1249,30,female,16.34615326,12,32692.30652
1250,30,male,5.769230843,6,11538.46169
1251,30,male,10.57692337,14,21153.84674
1252,30,male,7.211538315,13,14423.07663
1253,30,male,21.15384674,12,42307.69348
1254,29,female,11.53846169,11,23076.92338
1255,30,male,2.403846264,11,4807.692528
1256,29,male,11.92307663,13,23846.15326
1257,30,female,16.23931694,16,32478.63388
1258,29,female,39.2156868,16,78431.3736
1259,29,male,76.92308044,14,153846.1609
1260,30,male,14.42307663,13,28846.15326
1261,29,female,8.11978054,16,16239.56108
1262,29,female,18.75,16,37500
1263,30,male,32.21154022,16,64423.08044
1264,29,male,22.11538506,14,44230.77012
1265,29,male,9.134614944,13,18269.22989
1266,30,male,9.615385056,13,19230.77011
1267,30,female,12.01923084,13,24038.46168
1268,30,male,6.25,12,12500
1269,30,male,21.39422989,18,42788.45978
1270,29,male,9.230769157,13,18461.53831
1271,29,male,8.653845787,12,17307.69157
1272,30,female,12.01923084,16,24038.46168
1273,29,male,17.94871712,16,35897.43424
1274,30,male,10,12,20000
1275,30,female,24.03846169,16,48076.92338
1276,30,male,6.923077106,9,13846.15421
1277,30,male,6.129807472,6,12259.61494
1278,30,female,7.211538315,12,14423.07663
1279,30,male,16.82692337,12,33653.84674
1280,29,female,14.42307663,16,28846.15326
1281,29,male,13.84615421,12,27692.30842
1282,29,female,14.42307663,16,28846.15326
1283,29,female,16.34615326,16,32692.30652
1284,30,male,12.01923084,8,24038.46168
1285,30,male,14.42307663,12,28846.15326
1286,29,female,8,13,16000
1287,29,female,7.5,16,15000
1288,29,female,19.71153831,16,39423.07662
1289,29,male,15.86538506,16,31730.77012
1290,29,male,24.03846169,13,48076.92338
1291,30,male,15.38461494,13,30769.22988
1292,29,female,12.67482471,14,25349.64942
1293,30,male,15.53254414,14,31065.08828
1294,30,female,10.96491241,16,21929.82482
1295,29,male,14.18269253,13,28365.38506
1296,29,female,16.82692337,16,33653.84674
1297,29,male,10,12,20000
1298,29,male,10,8,20000
1299,29,female,21.36752129,16,42735.04258
1300,30,male,25.64102554,16,51282.05108
1301,29,male,23.07692337,12,46153.84674
1302,30,male,23.07692337,12,46153.84674
1303,30,female,14.83516502,13,29670.33004
1304,29,female,20.67307663,13,41346.15326
1305,30,female,14.42307663,14,28846.15326
1306,30,female,5.769230843,12,11538.46169
1307,29,male,9.763313293,16,19526.62659
1308,30,male,7.211538315,6,14423.07663
1309,30,male,3.125,13,6250
1310,30,male,21.36752129,14,42735.04258
1311,30,male,10.09615421,10,20192.30842
1312,29,female,14.52991486,16,29059.82972
1313,29,male,22.11538506,13,44230.77012
1314,29,male,8.653845787,13,17307.69157
1315,29,male,38.46154022,12,76923.08044
1316,29,male,17.30769157,12,34615.38314
1317,29,female,24.03846169,16,48076.92338
1318,29,female,21.87836456,13,43756.72912
1319,30,male,5.288461685,8,10576.92337
1320,29,male,7.211538315,12,14423.07663
1321,29,male,21.63461494,13,43269.22988
1322,30,male,20,12,40000
1323,30,female,23.50427437,18,47008.54874
1324,30,female,17.30769157,16,34615.38314
1325,30,male,20.67307663,16,41346.15326
1326,29,male,9.615385056,16,19230.77011
1327,29,female,7.692307472,13,15384.61494
1328,29,male,15,12,30000
1329,29,female,9.615385056,12,19230.77011
1330,29,female,9.615385056,12,19230.77011
1331,29,female,14.42307663,13,28846.15326
1332,30,male,21.15384674,13,42307.69348
1333,29,male,10,12,20000
1334,30,male,13.58012867,13,27160.25734
1335,29,male,19.6581192,14,39316.2384
1336,29,male,13.46153831,16,26923.07662
1337,30,male,11.53846169,12,23076.92338
1338,30,male,7.692307472,13,15384.61494
1339,30,male,13.94230747,18,27884.61494
1340,29,male,8.653845787,14,17307.69157
1341,30,female,15.25054455,13,30501.0891
1342,30,female,4.807692528,12,9615.385056
1343,29,male,16.15384674,14,32307.69348
1344,29,male,21.15384674,14,42307.69348
1345,29,male,18.58974266,14,37179.48532
1346,30,male,38.01431274,13,76028.62548
1347,29,male,22.11538506,13,44230.77012
1348,30,female,12.01923084,12,24038.46168
1349,29,female,14.90384579,12,29807.69158
1350,29,female,19.23077011,16,38461.54022
1351,29,female,32.21154022,16,64423.08044
1352,30,male,28.84615326,16,57692.30652
1353,30,male,19.23077011,12,38461.54022
1354,30,female,30.28846169,12,60576.92338
1355,29,male,24.03846169,16,48076.92338
1356,29,female,16.82692337,13,33653.84674
1357,29,male,20,16,40000
1358,30,male,2.884615421,8,5769.230842
1359,30,male,32.69230652,16,65384.61304
1360,29,male,11.05769253,6,22115.38506
1361,29,female,13.37307739,13,26746.15478
1362,30,female,14.42307663,12,28846.15326
1363,29,male,8.653845787,13,17307.69157
1364,29,male,10,13,20000
1365,30,male,14.85714245,13,29714.2849
1366,29,male,9.615385056,14,19230.77011
1367,29,male,9.871794701,14,19743.5894
1368,29,female,13.94230747,16,27884.61494
1369,30,male,19.23077011,12,38461.54022
1370,29,male,14.42307663,12,28846.15326
1371,30,male,28.84615326,16,57692.30652
1372,29,female,20.67307663,16,41346.15326
1373,29,female,10.6275301,12,21255.0602
1374,30,female,7.142857075,12,14285.71415
1375,30,female,11.53846169,13,23076.92338
1376,29,male,12.98076916,12,25961.53832
1377,30,female,19.23077011,16,38461.54022
1378,29,female,5.076922894,13,10153.84579
1379,30,male,17.09401703,8,34188.03406
1380,30,female,14.39999962,16,28799.99924
1381,29,female,19.23077011,13,38461.54022
1382,29,female,17.30769157,12,34615.38314
1383,30,female,20.19230843,16,40384.61686
1384,29,male,21.63461494,16,43269.22988
1385,30,male,16.82692337,12,33653.84674
1386,29,male,19.23077011,16,38461.54022
1387,29,male,21.63461494,16,43269.22988
1388,29,male,35.16483688,14,70329.67376
1389,30,male,15.38461494,12,30769.22988
1390,29,male,34.18803406,14,68376.06812
1391,29,female,12.01923084,14,24038.46168
1392,29,female,31.18503189,12,62370.06378
1393,29,female,36.05769348,16,72115.38696
1394,30,male,19.23077011,6,38461.54022
1395,30,male,12.01923084,12,24038.46168
1396,29,female,8.800000191,12,17600.00038
1397,30,male,9.615385056,12,19230.77011
1398,29,male,9.265734673,12,18531.46935
1399,29,female,12.01923084,12,24038.46168
1400,29,male,19.23077011,18,38461.54022
1401,29,female,12.01923084,16,24038.46168
1402,30,female,8.875740051,13,17751.4801
1403,30,male,14.90384579,16,29807.69158
1404,29,female,10.57692337,12,21153.84674
1405,29,female,14.9145298,11,29829.0596
1406,30,female,12.5,12,25000
1407,30,female,7.591093063,14,15182.18613
1408,29,female,14.42307663,13,28846.15326
1409,30,male,8.653845787,13,17307.69157
1410,29,male,24.18884659,12,48377.69318
1411,29,female,14.42307663,14,28846.15326
1412,29,male,7.211538315,12,14423.07663
1413,29,female,6.923077106,12,13846.15421
1414,30,female,7.294117451,12,14588.2349
1415,29,male,36.05769348,16,72115.38696
1416,30,female,19.23077011,12,38461.54022
1417,30,female,15.38461494,13,30769.22988
1418,30,male,14.42307663,13,28846.15326
1419,30,female,14.42307663,13,28846.15326
1420,29,female,9.134614944,16,18269.22989
1421,29,male,22.18934822,16,44378.69644
1422,29,male,10,11,20000
1423,29,male,12.5,6,25000
1424,29,female,17.69230843,16,35384.61686
1425,30,male,20.19230843,12,40384.61686
1426,29,male,10,12,20000
1427,30,male,11.53846169,13,23076.92338
1428,30,male,38.46154022,16,76923.08044
1429,30,female,29.9145298,16,59829.0596
1430,29,male,19.23077011,13,38461.54022
1431,30,male,24.03846169,11,48076.92338
1432,29,female,12.5,14,25000
1433,30,female,18.19126892,13,36382.53784
1434,29,female,21.36752129,13,42735.04258
1435,29,male,17.30769157,16,34615.38314
1436,30,male,14,12,28000
1437,30,male,34.61538315,16,69230.7663
1438,30,female,13.94230747,13,27884.61494
1439,30,male,17.30769157,12,34615.38314
1440,29,male,24.03846169,16,48076.92338
1441,29,female,6.730769157,8,13461.53831
1442,29,male,16.82692337,12,33653.84674
1443,29,female,8.791209221,12,17582.41844
1444,29,male,12,6,24000
1445,30,female,10.2564106,16,20512.8212
1446,30,male,7.211538315,12,14423.07663
1447,30,female,16.27219009,13,32544.38018
1448,29,male,10.625,12,21250
1449,30,female,24.03846169,18,48076.92338
1450,29,female,12.01923084,16,24038.46168
1451,30,male,14.5,12,29000
1452,30,male,14.42307663,16,28846.15326
1453,30,male,15.69858742,12,31397.17484
1454,30,female,16.15384674,13,32307.69348
1455,30,female,16.34615326,18,32692.30652
1456,29,female,12.63736248,12,25274.72496
1457,29,male,18.16239357,13,36324.78714
1458,29,female,17.09401703,16,34188.03406
1459,29,male,19.23077011,16,38461.54022
1460,29,male,10.2564106,12,20512.8212
1461,29,female,10.09615421,14,20192.30842
1462,30,female,15.10988998,14,30219.77996
1463,29,male,20.0854702,13,40170.9404
1464,29,male,19.61538506,16,39230.77012
1465,29,female,8.241758347,12,16483.51669
1466,30,female,11.05769253,13,22115.38506
1467,30,male,9.375,13,18750
1468,30,male,17.48251724,12,34965.03448
1469,29,female,12.01923084,16,24038.46168
1470,29,male,19.71153831,12,39423.07662
1471,30,female,10.16483498,13,20329.66996
1472,30,male,16.34615326,13,32692.30652
1473,29,male,9.368836403,13,18737.67281
1474,29,male,6.593406677,13,13186.81335
1475,29,male,16.25,12,32500
1476,30,male,18.3150177,12,36630.0354
1477,30,female,21.97802162,16,43956.04324
1478,30,male,34.72222137,14,69444.44274
1479,29,male,8.653845787,14,17307.69157
1480,29,female,16.82692337,14,33653.84674
1481,29,female,12.5,12,25000
1482,30,male,26.92307663,16,53846.15326
1483,29,male,10.98901081,12,21978.02162
1484,29,male,28.84615326,16,57692.30652
1485,30,male,15.14423084,14,30288.46168
1486,30,male,10.2564106,16,20512.8212
1487,30,female,16.82692337,16,33653.84674
1488,30,female,14.28571415,12,28571.4283
1489,29,female,20.27026939,16,40540.53878
1490,30,male,59.23077011,16,118461.5402
1491,30,female,21.15384674,16,42307.69348
1492,29,female,9.245562553,12,18491.12511
1493,29,male,15.18218613,14,30364.37226
1494,30,female,22.12339783,14,44246.79566
1495,29,male,17.30769157,12,34615.38314
1496,30,female,12.01923084,13,24038.46168
1497,30,male,20.0892849,12,40178.5698
1498,30,female,26.92307663,13,53846.15326
1499,29,male,11.875,14,23750
1500,30,male,14.42307663,11,28846.15326
1501,29,male,26.44230843,12,52884.61686
1502,29,male,7.403846264,16,14807.69253
1503,29,male,9.890110016,13,19780.22003
1504,30,male,12.01923084,16,24038.46168
1505,30,female,9.615385056,13,19230.77011
1506,30,female,9.615385056,18,19230.77011
1507,30,female,5.769230843,11,11538.46169
1508,30,male,14.42307663,12,28846.15326
1509,30,male,19.23077011,14,38461.54022
1510,30,male,13.66396809,14,27327.93618
1511,29,female,5.263157845,12,10526.31569
1512,30,female,17.30769157,12,34615.38314
1513,30,female,26.92307663,14,53846.15326
1514,30,male,19.23077011,12,38461.54022
1515,30,male,11.36752129,12,22735.04258
1516,30,male,31.73077011,14,63461.54022
1517,30,male,2.724359035,14,5448.71807
1518,29,male,17.5,16,35000
1519,29,female,5.288461685,16,10576.92337
1520,30,female,37.01922989,16,74038.45978
1521,29,female,14.42307663,12,28846.15326
1522,30,female,13.22115421,11,26442.30842
1523,29,male,12.01923084,12,24038.46168
1524,30,female,13.84615421,13,27692.30842
1525,29,male,25,16,50000
1526,30,male,7.632692337,12,15265.38467
1527,30,female,16.06394196,12,32127.88392
1528,29,female,14.90384579,13,29807.69158
1529,30,male,10.09615421,12,20192.30842
1530,29,male,15.38461494,12,30769.22988
1531,30,female,7.211538315,12,14423.07663
1532,30,female,12.01923084,14,24038.46168
1533,30,male,25,16,50000
1534,29,male,18.50961494,16,37019.22988
1535,29,female,12.01923084,16,24038.46168
1536,29,female,9.38086319,16,18761.72638
1537,30,male,18.37606812,14,36752.13624
1538,30,female,11.53846169,16,23076.92338
1539,29,male,9.807692528,12,19615.38506
1540,30,male,14.42307663,6,28846.15326
1541,30,male,12.98076916,12,25961.53832
1542,29,male,4.807692528,12,9615.385056
1543,29,male,9.615385056,14,19230.77011
1544,30,female,13.2867136,13,26573.4272
1545,30,male,12.30769253,16,24615.38506
1546,30,female,19.23077011,13,38461.54022
1547,29,female,18.26922989,16,36538.45978
1548,29,female,15.38461494,13,30769.22988
1549,29,female,18.21862411,16,36437.24822
1550,30,female,14.42307663,16,28846.15326
1551,30,male,9.615385056,6,19230.77011
1552,30,female,9.615385056,12,19230.77011
1553,30,female,19.23077011,18,38461.54022
1554,29,male,12.23776245,12,24475.5249
1555,29,female,16.82692337,16,33653.84674
1556,30,female,5.769230843,12,11538.46169
1557,29,female,19.23077011,16,38461.54022
1558,29,female,11.05769253,13,22115.38506
1559,29,male,12.01923084,13,24038.46168
1560,30,female,16.34615326,13,32692.30652
1561,30,male,86.53845978,13,173076.9196
1562,30,male,16.82692337,16,33653.84674
1563,29,male,7.211538315,6,14423.07663
1564,29,female,12.98076916,12,25961.53832
1565,30,male,20.43269157,16,40865.38314
1566,29,male,15.38461494,12,30769.22988
1567,29,male,14.42307663,12,28846.15326
1568,29,male,18.26922989,16,36538.45978
1569,30,male,9.615385056,10,19230.77011
1570,29,female,41.34615326,16,82692.30652
1571,29,female,16.02564049,16,32051.28098
1572,30,male,31.25,16,62500
1573,29,female,15.92307663,18,31846.15326
1574,30,male,30.76922989,12,61538.45978
1575,30,female,16.82692337,13,33653.84674
1576,30,male,26.92307663,12,53846.15326
1577,29,female,7.692307472,12,15384.61494
1578,29,female,11.53846169,16,23076.92338
1579,30,male,57.69230652,18,115384.613
1580,29,female,5.547337055,10,11094.67411
1581,29,female,6.25,12,12500
1582,29,male,12.98076916,12,25961.53832
1583,29,male,10.57692337,12,21153.84674
1584,29,male,13.18681335,12,26373.6267
1585,30,male,14.42307663,9,28846.15326
1586,30,female,8,12,16000
1587,30,male,10,12,20000
1588,30,female,16.82692337,14,33653.84674
1589,29,male,9.134614944,13,18269.22989
1590,29,male,19.23077011,14,38461.54022
1591,30,male,12.94117641,12,25882.35282
1592,30,male,9.615385056,12,19230.77011
1593,30,male,43.75,18,87500
1594,30,male,19.23077011,12,38461.54022
1595,30,male,20.76922989,13,41538.45978
1596,29,female,9.615385056,16,19230.77011
1597,29,female,19.23077011,16,38461.54022
1598,29,female,19.23077011,16,38461.54022
1599,30,male,5.384615421,12,10769.23084
1600,30,male,14.42307663,12,28846.15326
1601,29,male,21.63461494,16,43269.22988
1602,30,male,10.09615421,11,20192.30842
1603,29,male,25.96153831,14,51923.07662
1604,29,female,49.51922989,16,99038.45978
1605,29,female,14.42307663,14,28846.15326
1606,29,male,12.5,14,25000
1607,30,female,26.44230843,16,52884.61686
1608,30,male,23.93162346,16,47863.24692
1609,29,female,19.23077011,12,38461.54022
1610,30,female,28.84615326,16,57692.30652
1611,29,male,12.98076916,12,25961.53832
1612,29,male,24.03846169,12,48076.92338
1613,30,male,11.53846169,14,23076.92338
1614,30,female,12.62857151,14,25257.14302
1615,30,female,12.39999962,12,24799.99924
1616,29,male,10.09615421,14,20192.30842
1617,29,male,49.45055008,16,98901.10016
1618,30,female,19.23077011,16,38461.54022
1619,30,male,34.61538315,16,69230.7663
1620,30,male,8.75,12,17500
1621,29,female,19.23077011,13,38461.54022
1622,29,male,18.46153831,16,36923.07662
1623,29,female,14.10256386,18,28205.12772
1624,30,male,26.92307663,16,53846.15326
1625,30,male,9.615385056,12,19230.77011
1626,30,male,36.05769348,13,72115.38696
1627,29,female,26.92307663,16,53846.15326
1628,30,male,18.26922989,12,36538.45978
1629,30,female,8.547008514,13,17094.01703
1630,30,female,10.57692337,16,21153.84674
1631,29,male,15,12,30000
1632,30,male,34.18803406,12,68376.06812
1633,30,male,7.820512772,12,15641.02554
1634,30,male,16.82692337,16,33653.84674
1635,30,female,14.34965038,18,28699.30076
1636,29,female,11.92307663,14,23846.15326
1637,29,female,19.71153831,16,39423.07662
1638,30,male,12.98076916,12,25961.53832
1639,30,male,7.211538315,16,14423.07663
1640,29,male,8.741258621,18,17482.51724
1641,29,male,11.53846169,12,23076.92338
1642,29,male,39.44871902,12,78897.43804
1643,30,male,27.23776245,16,54475.5249
1644,30,female,26.59574509,14,53191.49018
1645,30,female,18.75,14,37500
1646,30,male,8.653845787,13,17307.69157
1647,30,male,24.23077011,12,48461.54022
1648,30,male,18.07692337,12,36153.84674
1649,30,female,9.615385056,13,19230.77011
1650,29,male,20,16,40000
1651,30,male,21.39422989,16,42788.45978
1652,29,female,14.42307663,13,28846.15326
1653,30,female,12.01923084,13,24038.46168
1654,29,female,16.11226654,12,32224.53308
1655,29,female,12.01923084,14,24038.46168
1656,29,female,15.38461494,12,30769.22988
1657,30,female,17.15976334,16,34319.52668
1658,29,female,20.34023666,16,40680.47332
1659,29,female,12.98076916,13,25961.53832
1660,30,female,18.75,12,37500
1661,29,female,16.58653831,13,33173.07662
1662,29,female,14.42307663,13,28846.15326
1663,29,female,12.98076916,16,25961.53832
1664,29,female,19.23077011,16,38461.54022
1665,30,female,20.19230843,16,40384.61686
1666,30,female,38.46154022,16,76923.08044
1667,30,male,30.36437225,16,60728.7445
1668,29,male,11.53846169,10,23076.92338
1669,30,female,12.01923084,12,24038.46168
1670,29,male,19.87179565,16,39743.5913
1671,30,male,12.98076916,10,25961.53832
1672,30,male,18.26922989,16,36538.45978
1673,29,male,10.68376064,16,21367.52128
1674,29,male,16.19822502,12,32396.45004
1675,30,male,53.41880417,16,106837.6083
1676,30,male,10.57692337,12,21153.84674
1677,29,male,6.971153736,9,13942.30747
1678,30,male,11.90476227,18,23809.52454
1679,30,female,14.47368431,16,28947.36862
1680,30,male,10.57692337,8,21153.84674
1681,30,male,12.30769253,12,24615.38506
1682,29,male,4.423077106,8,8846.154212
1683,30,male,7.692307472,12,15384.61494
1684,29,male,26.15384674,16,52307.69348
1685,29,male,18.13186836,9,36263.73672
1686,30,male,6.172839642,13,12345.67928
1687,29,male,15.81196594,13,31623.93188
1688,30,female,12.5,16,25000
1689,29,female,8.653845787,8,17307.69157
1690,29,male,17.09401703,13,34188.03406
1691,29,female,19.23077011,16,38461.54022
1692,29,male,9.134614944,13,18269.22989
1693,29,male,16.82692337,12,33653.84674
1694,29,female,9.759614944,14,19519.22989
1695,29,female,9.134614944,14,18269.22989
1696,29,male,13.94230747,12,27884.61494
1697,30,male,23.07692337,12,46153.84674
1698,30,male,16.82692337,13,33653.84674
1699,29,female,11.53846169,16,23076.92338
1700,30,male,20.88461494,13,41769.22988
1701,29,female,14.42307663,13,28846.15326
1702,30,male,11.21794891,18,22435.89782
1703,30,male,15.73426533,12,31468.53066
1704,30,female,12.39529896,13,24790.59792
1705,30,male,13.94230747,14,27884.61494
1706,29,male,14.15598297,12,28311.96594
1707,29,male,14.42307663,12,28846.15326
1708,30,male,18.75,14,37500
1709,30,male,14.42307663,14,28846.15326
1710,29,female,16.82692337,14,33653.84674
1711,29,female,21.63461494,18,43269.22988
1712,29,male,13.84615421,13,27692.30842
1713,30,male,13.46153831,12,26923.07662
1714,29,male,16.82692337,13,33653.84674
1715,29,female,9.586056709,16,19172.11342
1716,29,female,17.11538506,14,34230.77012
1717,29,male,14.42307663,13,28846.15326
1718,29,female,7.211538315,13,14423.07663
1719,29,female,4.554656029,14,9109.312058
1720,29,male,6.153846264,12,12307.69253
1721,29,female,28.5714283,18,57142.8566
1722,30,female,10.68376064,12,21367.52128
1723,29,male,23.07692337,16,46153.84674
1724,29,female,19.71153831,16,39423.07662
1725,30,female,9.615385056,13,19230.77011
1726,30,male,43.26922989,12,86538.45978
1727,29,male,10.57692337,13,21153.84674
1728,30,male,9.615385056,12,19230.77011
1729,30,male,14.42307663,12,28846.15326
1730,30,female,21.44970322,14,42899.40644
1731,30,female,24.03846169,12,48076.92338
1732,30,female,30.76922989,16,61538.45978
1733,30,female,18.26922989,16,36538.45978
1734,29,male,12.30769253,14,24615.38506
1735,30,male,16.82692337,9,33653.84674
1736,29,female,21.15384674,12,42307.69348
1737,30,female,16.82692337,16,33653.84674
1738,30,female,14.9572649,16,29914.5298
1739,29,female,11.53846169,16,23076.92338
1740,29,female,35.57692337,16,71153.84674
1741,29,female,12.5,16,25000
1742,30,female,16.34615326,11,32692.30652
1743,29,female,10.57692337,13,21153.84674
1744,30,male,2.884615421,9,5769.230842
1745,29,male,15.38461494,12,30769.22988
1746,30,female,22.11538506,12,44230.77012
1747,30,female,7.211538315,13,14423.07663
1748,30,male,11.5,16,23000
1749,29,male,4.653846264,16,9307.692528
1750,30,female,12.98076916,12,25961.53832
1751,30,male,12.92067337,11,25841.34674
1752,30,male,25,13,50000
1753,30,female,12.98076916,13,25961.53832
1754,30,female,10.57692337,12,21153.84674
1755,29,male,7.451922894,12,14903.84579
1756,30,male,5.769230843,12,11538.46169
1757,30,female,15.92307663,18,31846.15326
1758,29,female,33.65384674,12,67307.69348
1759,30,female,19.23077011,12,38461.54022
1760,29,female,19.23077011,16,38461.54022
1761,30,female,9.615385056,12,19230.77011
1762,30,female,19.23077011,13,38461.54022
1763,30,male,22.11538506,12,44230.77012
1764,29,male,24.03846169,16,48076.92338
1765,30,male,14.42307663,13,28846.15326
1766,30,female,18.26922989,16,36538.45978
1767,30,male,11.53846169,13,23076.92338
1768,29,male,23.07692337,13,46153.84674
1769,29,male,8.79807663,12,17596.15326
1770,30,male,25,12,50000
1771,30,female,8.653845787,12,17307.69157
1772,30,female,17.48251724,14,34965.03448
1773,30,female,12.01923084,16,24038.46168
1774,30,female,17.88908768,13,35778.17536
1775,29,male,12.5,12,25000
1776,30,male,15.13911629,14,30278.23258
1777,29,female,20.19230843,12,40384.61686
1778,29,male,24.03846169,13,48076.92338
1779,30,female,12.01923084,12,24038.46168
1780,30,female,16.82692337,13,33653.84674
1781,29,female,26.31579018,16,52631.58036
1782,30,male,20.67307663,12,41346.15326
1783,29,male,6.938775539,14,13877.55108
1784,29,male,21.15384674,14,42307.69348
1785,29,male,33.17307663,16,66346.15326
1786,30,male,9.829059601,16,19658.1192
1787,30,female,18.26922989,16,36538.45978
1788,30,male,9.615385056,12,19230.77011
1789,29,female,8.17307663,12,16346.15326
1790,29,male,16.82692337,12,33653.84674
1791,29,male,36.05769348,18,72115.38696
1792,29,male,7.692307472,12,15384.61494
1793,29,male,4.273626328,12,8547.252656
1794,29,female,14.90384579,16,29807.69158
1795,29,male,7.47863245,13,14957.2649
1796,29,male,19.23077011,12,38461.54022
1797,30,male,10.85972881,16,21719.45762
1798,29,male,10.57692337,6,21153.84674
1799,29,female,11.05769253,12,22115.38506
1800,29,male,40.86538315,16,81730.7663
1801,29,female,14.42307663,14,28846.15326
1802,29,female,44.23077011,16,88461.54022
1803,29,female,3.571428537,11,7142.857074
1804,30,male,23.07230759,14,46144.61518
1805,30,female,11.53846169,12,23076.92338
1806,29,female,27.88461494,18,55769.22988
1807,29,female,20.19230843,12,40384.61686
1808,29,male,18.22916603,12,36458.33206
1809,29,male,12.01923084,12,24038.46168
1810,29,female,7.8125,14,15625
1811,30,female,4.807692528,11,9615.385056
1812,30,male,25,12,50000
1813,30,male,14.90384579,16,29807.69158
1814,30,male,25,16,50000
1815,30,male,37.24519348,12,74490.38696
1816,29,female,14.90384579,16,29807.69158
1817,29,female,12.5,18,25000
1818,30,female,24.03846169,18,48076.92338
1819,30,male,24.03846169,16,48076.92338
1820,29,female,12.74038506,16,25480.77012
1821,29,female,33.84615326,16,67692.30652
1822,30,male,40.86538315,13,81730.7663
1823,30,male,6.31868124,8,12637.36248
1824,30,male,5.594405651,13,11188.8113
1825,29,female,9.615385056,14,19230.77011
1826,29,female,16.66666603,14,33333.33206
1827,29,male,20.2429142,16,40485.8284
1828,29,male,14.42307663,12,28846.15326
1829,29,male,9.340659142,13,18681.31828
1830,29,female,9.473684311,12,18947.36862
1831,29,male,12.01923084,16,24038.46168
1832,29,female,18.69658089,16,37393.16178
1833,30,female,15.38461494,18,30769.22988
1834,29,male,24.03846169,14,48076.92338
1835,29,female,9.615385056,13,19230.77011
1836,29,female,24.78632545,16,49572.6509
1837,29,male,7.692307472,10,15384.61494
1838,29,female,15.38461494,13,30769.22988
1839,30,male,32.69230652,18,65384.61304
1840,29,male,20.19230843,16,40384.61686
1841,29,male,5.076922894,8,10153.84579
1842,30,male,17.09401703,12,34188.03406
1843,30,female,17.30769157,13,34615.38314
1844,30,female,14.42307663,14,28846.15326
1845,30,male,18.83012772,12,37660.25544
1846,30,male,17.53393745,16,35067.8749
1847,30,male,34.18803406,12,68376.06812
1848,30,male,28.84615326,16,57692.30652
1849,29,male,20.19230843,16,40384.61686
1850,30,female,7.211538315,13,14423.07663
1851,30,female,15.38461494,13,30769.22988
1852,29,male,8.547008514,12,17094.01703
1853,30,male,14.61538506,13,29230.77012
1854,29,male,15.86538506,14,31730.77012
1855,30,male,9.615385056,12,19230.77011
1856,29,male,20.5128212,12,41025.6424
1857,29,female,17.30769157,16,34615.38314
1858,29,male,15.38461494,13,30769.22988
1859,30,male,40.38461685,16,80769.2337
1860,29,female,14.42307663,16,28846.15326
1861,29,male,21.41827011,13,42836.54022
1862,30,female,13.94230747,12,27884.61494
1863,29,male,23.45538521,13,46910.77042
1864,29,female,16.82692337,12,33653.84674
1865,29,female,16.82692337,13,33653.84674
1866,30,male,9.134614944,13,18269.22989
1867,30,male,30.28846169,18,60576.92338
1868,29,male,5.538461685,16,11076.92337
1869,29,male,27.40384674,16,54807.69348
1870,29,male,2.403846264,12,4807.692528
1871,29,male,21.63461494,13,43269.22988
1872,30,male,19.23077011,16,38461.54022
1873,30,female,18.75,16,37500
1874,29,male,11.53846169,9,23076.92338
1875,30,male,21.63461494,16,43269.22988
1876,30,male,26.47058868,12,52941.17736
1877,30,female,22.11538506,16,44230.77012
1878,29,male,12.69230747,13,25384.61494
1879,30,male,20,12,40000
1880,30,female,3.846153736,10,7692.307472
1881,29,male,11.33241749,13,22664.83498
1882,29,female,30.98290634,13,61965.81268
1883,30,female,11.53846169,13,23076.92338
1884,30,female,29.80769157,13,59615.38314
1885,30,female,24.03846169,16,48076.92338
1886,30,male,25,13,50000
1887,30,female,17.66090965,16,35321.8193
1888,29,male,17.30769157,12,34615.38314
1889,30,female,16.34615326,14,32692.30652
1890,30,male,7.692307472,16,15384.61494
1891,30,male,12.5,13,25000
1892,30,male,10.68376064,13,21367.52128
1893,29,male,8.571428299,16,17142.8566
1894,30,male,21.63461494,13,43269.22988
1895,29,male,7.5,12,15000
1896,29,male,12,16,24000
1897,30,male,10.375,12,20750
1898,29,male,14.42307663,12,28846.15326
1899,29,female,7.211538315,9,14423.07663
1900,29,male,19.23077011,12,38461.54022
1901,29,male,18.13269234,13,36265.38468
1902,30,male,21.15384674,11,42307.69348
1903,29,male,13.46153831,16,26923.07662
1904,29,female,39.90384674,16,79807.69348
1905,30,female,23.07692337,18,46153.84674
1906,29,male,34.18803406,16,68376.06812
1907,30,male,18.02884674,13,36057.69348
1908,30,female,33.65384674,16,67307.69348
1909,30,male,19.23077011,16,38461.54022
1910,30,female,11.53846169,14,23076.92338
1911,30,male,13.84615421,12,27692.30842
1912,29,female,13.51351357,13,27027.02714
1913,29,male,57.69230652,16,115384.613
1914,29,male,27.30769157,16,54615.38314
1915,29,female,9.615385056,12,19230.77011
1916,29,male,13.58012867,13,27160.25734
1917,30,male,27.88461494,18,55769.22988
1918,29,male,7.692307472,12,15384.61494
1919,29,male,18.46153831,16,36923.07662
1920,30,male,16,12,32000
1921,30,female,19.23077011,18,38461.54022
1922,30,female,5.769230843,13,11538.46169
1923,30,female,21.63461494,16,43269.22988
1924,30,female,13.46153831,13,26923.07662
1925,29,female,7.692307472,12,15384.61494
1926,29,male,16.82692337,13,33653.84674
1927,30,male,14.42307663,10,28846.15326
1928,30,male,6.410256386,12,12820.51277
1929,30,male,14,16,28000
1930,29,male,28.84615326,16,57692.30652
1931,29,female,5.128205299,12,10256.4106
1932,29,male,50.48077011,16,100961.5402
1933,30,male,14.42307663,6,28846.15326
1934,30,male,20.71006012,13,41420.12024
1935,30,female,7.504690647,13,15009.38129
1936,29,male,16.02564049,12,32051.28098
1937,30,female,13.22115421,12,26442.30842
1938,30,female,13.70192337,12,27403.84674
1939,30,female,13.94230747,13,27884.61494
1940,29,female,17.09401703,12,34188.03406
1941,30,female,19.23077011,13,38461.54022
1942,29,male,23.50427437,16,47008.54874
1943,29,female,16.11226654,12,32224.53308
1944,30,female,19.23077011,16,38461.54022
1945,30,female,7.211538315,14,14423.07663
1946,29,female,14.88461494,16,29769.22988
1947,30,female,5.769230843,12,11538.46169
1948,29,male,16.875,14,33750
1949,30,male,14.42307663,8,28846.15326
1950,29,male,8.791209221,6,17582.41844
1951,30,female,6.971153736,12,13942.30747
1952,29,male,12.59615421,12,25192.30842
1953,29,male,19.23077011,13,38461.54022
1954,30,male,33.85416794,14,67708.33588
1955,30,female,12.5,12,25000
1956,29,male,14.42307663,12,28846.15326
1957,30,female,22.11538506,16,44230.77012
1958,30,male,19.23077011,18,38461.54022
1959,30,male,9.615385056,8,19230.77011
1960,29,male,8.653845787,9,17307.69157
1961,29,male,23.07692337,13,46153.84674
1962,30,female,15.48846149,16,30976.92298
1963,30,female,61.11111069,16,122222.2214
1964,30,female,12.01923084,12,24038.46168
1965,29,female,15.38461494,14,30769.22988
1966,29,male,9.615385056,12,19230.77011
1967,29,female,5.547337055,16,11094.67411
1968,30,female,6.736363411,14,13472.72682
1969,29,male,8.333333015,9,16666.66603
1970,29,female,23.07692337,16,46153.84674
1971,30,female,7.211538315,12,14423.07663
1972,29,male,13.33333302,10,26666.66604
1973,30,male,25.64102554,14,51282.05108
1974,29,male,11.25,11,22500
1975,29,female,6.596153736,12,13192.30747
1976,30,male,13.2867136,13,26573.4272
1977,29,male,12.30769253,12,24615.38506
1978,29,male,16.82692337,12,33653.84674
1979,29,female,11.53846169,13,23076.92338
1980,30,female,20.19230843,16,40384.61686
1981,29,female,14.42307663,13,28846.15326
1982,29,male,7.211538315,13,14423.07663
1983,29,male,13.22115421,16,26442.30842
1984,30,male,5.769230843,12,11538.46169
1985,29,male,14.50288486,13,29005.76972
1986,29,male,15.38461494,13,30769.22988
1987,30,male,11.53846169,12,23076.92338
1988,29,female,18.71101952,13,37422.03904
1989,30,male,19.23077011,16,38461.54022
1990,30,female,5.384615421,16,10769.23084
1991,29,male,9.615385056,13,19230.77011
1992,29,male,6.730769157,13,13461.53831
1993,30,male,17.7514801,12,35502.9602
1994,30,female,9.615385056,16,19230.77011
1995,29,female,17.78846169,16,35576.92338
1996,30,female,61.18881226,12,122377.6245
1997,30,male,11.05769253,9,22115.38506
1998,30,female,33.65384674,10,67307.69348
1999,29,male,37.5,16,75000
2000,30,female,13.46153831,18,26923.07662
2001,30,female,19.71153831,18,39423.07662
2002,29,female,12.01923084,16,24038.46168
2003,29,female,14.42307663,16,28846.15326
2004,30,male,21.53846169,12,43076.92338
2005,30,male,24.03846169,14,48076.92338
2006,29,male,19.23077011,18,38461.54022
2007,30,male,17.30769157,16,34615.38314
2008,29,male,25,18,50000
2009,30,male,10.76923084,13,21538.46168
2010,29,female,10.09615421,13,20192.30842
2011,29,male,19.23077011,14,38461.54022
2012,30,female,13.46153831,12,26923.07662
2013,30,male,5.769230843,12,11538.46169
2014,29,male,15.86538506,16,31730.77012
2015,30,female,13.46153831,14,26923.07662
2016,30,male,11.73076916,12,23461.53832
2017,29,male,14.42307663,12,28846.15326
2018,30,male,5.769230843,9,11538.46169
2019,29,male,29.64743614,13,59294.87228
2020,30,female,12.5,13,25000
2021,30,female,7.932692528,12,15865.38506
2022,30,male,13.0624094,16,26124.8188
2023,30,female,7.788461685,14,15576.92337
2024,29,male,14.42307663,12,28846.15326
2025,29,male,57.69230652,18,115384.613
2026,29,male,13.94230747,13,27884.61494
2027,30,male,15.38461494,18,30769.22988
2028,29,male,14.42307663,13,28846.15326
2029,29,male,18.26922989,14,36538.45978
2030,29,male,6.923077106,12,13846.15421
2031,30,female,24.35897446,16,48717.94892
2032,29,female,10.81730747,13,21634.61494
2033,29,female,9.134614944,13,18269.22989
2034,29,male,15.86538506,14,31730.77012
2035,29,male,30.76922989,16,61538.45978
2036,29,female,11.07692337,13,22153.84674
2037,29,female,35.25640869,12,70512.81738
2038,29,female,8.012820244,14,16025.64049
2039,29,female,14.42307663,16,28846.15326
2040,30,male,18.07692337,12,36153.84674
2041,30,male,19.6078434,16,39215.6868
2042,30,male,24.03846169,12,48076.92338
2043,29,male,16.82692337,12,33653.84674
2044,30,male,24.95421219,16,49908.42438
2045,29,female,18.30769157,13,36615.38314
2046,29,female,11.44688606,16,22893.77212
2047,30,male,11.86813164,14,23736.26328
2048,29,female,31.25,14,62500
2049,29,male,16.72240829,13,33444.81658
2050,29,male,19.09722137,12,38194.44274
2051,30,female,15.38461494,12,30769.22988
2052,29,male,9.285714149,14,18571.4283
2053,30,female,10.98901081,13,21978.02162
2054,29,male,13.94230747,12,27884.61494
2055,30,female,26.44230843,16,52884.61686
2056,29,male,10,12,20000
2057,30,male,6.730769157,12,13461.53831
2058,29,female,12.01923084,13,24038.46168
2059,29,female,6.734694004,16,13469.38801
2060,30,male,4.807692528,9,9615.385056
2061,30,male,12.5,12,25000
2062,29,male,9.600000381,12,19200.00076
2063,29,male,24.03846169,12,48076.92338
2064,30,female,17.5,12,35000
2065,29,female,19.23077011,16,38461.54022
2066,30,female,10.57692337,14,21153.84674
2067,30,male,9.615385056,12,19230.77011
2068,29,male,11.53846169,12,23076.92338
2069,30,male,6.25,11,12500
2070,29,female,20.19230843,16,40384.61686
2071,30,male,10.5,10,21000
2072,30,male,8.17307663,12,16346.15326
2073,30,female,19.23077011,16,38461.54022
2074,29,female,14.42307663,12,28846.15326
2075,30,male,13.46153831,16,26923.07662
2076,30,female,4.807692528,12,9615.385056
2077,30,female,10.57692337,16,21153.84674
2078,29,male,14.42307663,13,28846.15326
2079,30,female,4.807692528,12,9615.385056
2080,30,male,15.38461494,16,30769.22988
2081,29,female,8.894230843,13,17788.46169
2082,29,male,13.84615421,14,27692.30842
2083,30,male,11.64743614,14,23294.87228
2084,29,male,10.57692337,13,21153.84674
2085,29,male,5.723443031,13,11446.88606
2086,30,male,45.09615326,12,90192.30652
2087,30,male,28,16,56000
2088,29,female,16.15384674,13,32307.69348
2089,30,male,15,12,30000
2090,29,female,5.769230843,8,11538.46169
2091,30,male,11.53846169,13,23076.92338
2092,29,male,54.9450531,12,109890.1062
2093,29,male,15.55944061,14,31118.88122
2094,30,female,10.57692337,13,21153.84674
2095,29,female,12.25961494,18,24519.22988
2096,30,male,23.50427437,16,47008.54874
2097,29,male,44.07051468,16,88141.02936
2098,29,male,14.9572649,16,29914.5298
2099,30,female,18.26922989,16,36538.45978
2100,29,male,7.5,9,15000
2101,30,male,8.17307663,12,16346.15326
2102,30,male,18.26922989,6,36538.45978
2103,30,male,17.78846169,13,35576.92338
2104,30,male,6.04395628,8,12087.91256
2105,29,male,13.75,6,27500
2106,30,female,43.26922989,16,86538.45978
2107,29,male,30.28846169,18,60576.92338
2108,30,female,16.82692337,16,33653.84674
2109,30,male,46.15384674,16,92307.69348
2110,29,male,20.19230843,16,40384.61686
2111,30,male,48.07692337,16,96153.84674
2112,30,male,8.653845787,11,17307.69157
2113,29,female,6.25,12,12500
2114,29,male,25,16,50000
2115,30,female,19.71153831,16,39423.07662
2116,30,male,20.67307663,14,41346.15326
2117,30,female,12.5,12,25000
2118,29,male,9.615385056,16,19230.77011
2119,29,male,17.30769157,9,34615.38314
2120,30,female,26.70940208,16,53418.80416
2121,30,male,17.8571434,12,35714.2868
2122,29,male,37.01922989,16,74038.45978
2123,29,male,24.03846169,12,48076.92338
2124,30,female,20.4959507,16,40991.9014
2125,29,female,16.82692337,14,33653.84674
2126,30,female,14.90384579,12,29807.69158
2127,29,female,24.03846169,18,48076.92338
2128,29,male,16.82692337,16,33653.84674
2129,29,male,7.259615421,13,14519.23084
2130,30,male,23.07692337,16,46153.84674
2131,30,male,13.63636398,12,27272.72796
2132,30,female,11.25,12,22500
2133,30,female,25.96153831,16,51923.07662
2134,30,male,16.82692337,14,33653.84674
2135,29,female,11.00961494,13,22019.22988
2136,29,female,22.05555534,18,44111.11068
2137,30,male,9.375,12,18750
2138,29,male,9.615385056,12,19230.77011
2139,29,male,12.01923084,12,24038.46168
2140,29,female,12.5,12,25000
2141,30,female,32.90598297,16,65811.96594
2142,29,female,9.615385056,14,19230.77011
2143,30,male,19.23077011,13,38461.54022
2144,29,male,20.19230843,13,40384.61686
2145,30,male,16.02564049,14,32051.28098
2146,30,female,19.23077011,12,38461.54022
2147,29,male,15.38461494,10,30769.22988
2148,30,female,20.19230843,18,40384.61686
2149,30,male,28.84615326,16,57692.30652
2150,29,female,20.67307663,16,41346.15326
2151,29,male,22.30769157,13,44615.38314
2152,29,female,10.41666698,12,20833.33396
2153,29,female,13.94230747,12,27884.61494
2154,30,male,55.28845978,16,110576.9196
2155,29,male,28.84615326,14,57692.30652
2156,30,male,23.0927887,13,46185.5774
2157,30,male,24.29149818,13,48582.99636
2158,30,female,4.807692528,12,9615.385056
2159,29,female,16.82692337,16,33653.84674
2160,30,female,28.84615326,16,57692.30652
2161,30,male,31.25,16,62500
2162,29,female,10.57692337,12,21153.84674
2163,30,male,13.0624094,16,26124.8188
2164,29,female,27.88461494,13,55769.22988
2165,30,male,24.03846169,12,48076.92338
2166,30,female,12.01923084,16,24038.46168
2167,30,female,16.25,18,32500
2168,29,male,26.92307663,6,53846.15326
2169,30,female,14.28571415,12,28571.4283
2170,29,female,20.2429142,13,40485.8284
2171,29,male,24.03846169,13,48076.92338
2172,30,male,15.38461494,13,30769.22988
2173,30,male,14.90384579,12,29807.69158
2174,29,female,8.17307663,12,16346.15326
2175,30,female,14.17004013,13,28340.08026
2176,29,male,22.55555534,13,45111.11068
2177,29,female,19.23077011,18,38461.54022
2178,29,male,17.05128288,13,34102.56576
2179,29,male,23.14814758,12,46296.29516
2180,30,male,11.94999981,12,23899.99962
2181,30,male,32.05128098,12,64102.56196
2182,30,male,8,12,16000
2183,30,female,16.39999962,14,32799.99924
2184,30,female,13.33333302,14,26666.66604
2185,30,female,33.65384674,18,67307.69348
2186,30,male,16.66666603,16,33333.33206
2187,30,male,9.567307472,13,19134.61494
2188,29,male,8.881118774,14,17762.23755
2189,30,male,14.42307663,12,28846.15326
2190,30,male,28.63247871,16,57264.95742
2191,30,female,16.58653831,16,33173.07662
2192,30,male,33.65384674,16,67307.69348
2193,30,male,24.03846169,12,48076.92338
2194,30,male,10,12,20000
2195,29,male,11.05128193,13,22102.56386
2196,29,male,12.5,16,25000
2197,29,male,4.730769157,12,9461.538314
2198,30,female,19.23077011,16,38461.54022
2199,29,male,17.4418602,12,34883.7204
2200,29,female,11.05769253,12,22115.38506
2201,29,male,13.98601437,12,27972.02874
2202,30,female,11.05769253,12,22115.38506
2203,29,female,8.810375214,12,17620.75043
2204,29,male,13.18681335,12,26373.6267
2205,29,male,11.92307663,16,23846.15326
2206,30,male,14.84711552,13,29694.23104
2207,30,female,20.0524044,13,40104.8088
2208,30,female,27.98077011,13,55961.54022
2209,30,male,15.38461494,13,30769.22988
2210,29,male,16.82692337,12,33653.84674
2211,30,male,12.39316273,13,24786.32546
2212,30,male,19.23077011,12,38461.54022
2213,29,female,9.113461494,12,18226.92299
2214,29,male,12.82051277,16,25641.02554
2215,30,female,13.94230747,12,27884.61494
2216,30,male,17.30769157,13,34615.38314
2217,30,female,31.25,16,62500
2218,30,female,13.35470104,14,26709.40208
2219,30,female,11,8,22000
2220,29,female,15.14423084,13,30288.46168
2221,29,male,12.82051277,16,25641.02554
2222,30,male,17.69230843,12,35384.61686
2223,29,female,12.01923084,12,24038.46168
2224,30,male,35.15384674,14,70307.69348
2225,29,male,14.23076916,12,28461.53832
2226,29,male,11.25,11,22500
2227,30,male,20.19230843,13,40384.61686
2228,30,female,21.15384674,12,42307.69348
2229,30,male,12.82051277,12,25641.02554
2230,29,male,12.98076916,12,25961.53832
2231,30,female,4.807692528,16,9615.385056
2232,30,male,22.22222137,13,44444.44274
2233,30,female,10.57692337,14,21153.84674
2234,29,male,5.144230843,12,10288.46169
2235,30,male,23.07692337,16,46153.84674
2236,29,female,11.60288429,18,23205.76858
2237,29,male,9.890110016,12,19780.22003
2238,29,female,21,13,42000
2239,29,male,25,13,50000
2240,29,female,14.90384579,12,29807.69158
2241,30,female,12.01923084,14,24038.46168
2242,29,male,30.28846169,14,60576.92338
2243,30,male,14.42307663,18,28846.15326
2244,30,male,16.34615326,16,32692.30652
2245,30,male,9.615385056,12,19230.77011
2246,29,female,14.90384579,13,29807.69158
2247,30,male,22.35577011,16,44711.54022
2248,30,female,8.653845787,14,17307.69157
2249,29,male,2.797202826,13,5594.405652
2250,29,male,12.82019234,16,25640.38468
2251,29,male,20.19230843,14,40384.61686
2252,30,female,9.134614944,13,18269.22989
2253,29,male,18.58974266,14,37179.48532
2254,29,female,9.615385056,14,19230.77011
2255,30,female,17.30769157,12,34615.38314
2256,30,male,13.41681576,12,26833.63152
2257,29,female,15.38461494,13,30769.22988
2258,29,female,11.53846169,16,23076.92338
2259,30,male,21.15384674,12,42307.69348
2260,30,male,19.71153831,9,39423.07662
2261,30,male,36.05769348,16,72115.38696
2262,30,female,14.28571415,13,28571.4283
2263,29,female,18.75,14,37500
2264,29,male,21.15384674,13,42307.69348
2265,29,female,6.722689152,12,13445.3783
2266,30,male,17.69230843,13,35384.61686
2267,29,female,16.34615326,13,32692.30652
2268,30,male,21.63461494,13,43269.22988
2269,29,female,21.63461494,16,43269.22988
2270,30,male,21.36752129,16,42735.04258
2271,29,male,34.3406601,14,68681.3202
2272,29,female,21.63461494,18,43269.22988
2273,29,male,10.57692337,16,21153.84674
2274,29,male,18.80341911,18,37606.83822
2275,30,male,27.97202873,13,55944.05746
2276,30,male,18.26922989,12,36538.45978
2277,29,female,19.71153831,16,39423.07662
2278,29,male,8.241758347,12,16483.51669
2279,29,female,15.86538506,18,31730.77012
2280,29,male,13.46153831,12,26923.07662
2281,30,male,6.410256386,14,12820.51277
2282,30,female,9.285714149,12,18571.4283
2283,29,male,14.42307663,12,28846.15326
2284,29,male,40.06410217,16,80128.20434
2285,29,female,19.71153831,18,39423.07662
2286,29,female,21.15384674,16,42307.69348
2287,30,male,21.15384674,16,42307.69348
2288,30,female,9.615385056,12,19230.77011
2289,29,female,17.30769157,12,34615.38314
2290,30,male,10.81730747,12,21634.61494
2291,30,female,5,6,10000
2292,29,female,23.50427437,16,47008.54874
2293,30,female,15.38461494,14,30769.22988
2294,30,male,20.67307663,14,41346.15326
2295,30,female,19.71153831,12,39423.07662
2296,30,male,11.55555534,8,23111.11068
2297,30,male,29.80769157,12,59615.38314
2298,29,male,18.02884674,12,36057.69348
2299,29,female,14.42307663,13,28846.15326
2300,29,male,9.615385056,16,19230.77011
2301,29,male,15.38461494,13,30769.22988
2302,30,female,9.230769157,12,18461.53831
2303,29,male,10.2564106,12,20512.8212
2304,30,male,13.22115421,12,26442.30842
2305,30,male,11.53846169,6,23076.92338
2306,29,male,20.38461494,16,40769.22988
2307,29,male,12.5,10,25000
2308,29,female,11.53846169,14,23076.92338
2309,30,male,23.07692337,16,46153.84674
2310,29,male,12.69230747,13,25384.61494
2311,30,male,16.82692337,12,33653.84674
2312,30,male,12.53846169,12,25076.92338
2313,29,female,8.17307663,13,16346.15326
2314,29,male,20.2429142,13,40485.8284
2315,30,female,12.98076916,13,25961.53832
2316,30,female,3.885003805,14,7770.00761
2317,29,male,19.95192337,12,39903.84674
2318,30,male,14.05325413,13,28106.50826
2319,30,female,15.38461494,13,30769.22988
2320,29,male,9.615385056,14,19230.77011
2321,29,female,11.53846169,13,23076.92338
2322,30,male,17.09401703,12,34188.03406
2323,29,female,13.36538506,16,26730.77012
2324,29,female,7.692307472,14,15384.61494
2325,30,male,28.84615326,16,57692.30652
2326,29,female,11.05769253,16,22115.38506
2327,30,male,12.5854702,13,25170.9404
2328,29,female,9.79020977,13,19580.41954
2329,29,male,9.615385056,9,19230.77011
2330,30,male,51.28205109,18,102564.1022
2331,30,female,6.122448921,13,12244.89784
2332,29,male,7.211538315,12,14423.07663
2333,29,female,6,18,12000
2334,30,female,16.82692337,18,33653.84674
2335,30,male,24.03846169,18,48076.92338
2336,29,female,11.21794891,12,22435.89782
2337,30,female,19.23077011,16,38461.54022
2338,29,male,7.211538315,14,14423.07663
2339,29,male,9.615385056,14,19230.77011
2340,29,male,12.5,13,25000
2341,29,male,8.238866806,16,16477.73361
2342,29,female,6.25,14,12500
2343,29,female,11.53846169,13,23076.92338
2344,30,male,8.133846283,14,16267.69257
2345,30,female,12.01923084,12,24038.46168
2346,29,female,18.92361069,14,37847.22138
2347,29,male,14.90384579,12,29807.69158
2348,30,female,5.673077106,13,11346.15421
2349,29,male,17.78846169,16,35576.92338
2350,30,female,9.600000381,12,19200.00076
2351,30,male,28.84615326,14,57692.30652
2352,29,female,8.489583015,13,16979.16603
2353,29,male,10.2564106,13,20512.8212
2354,30,male,8.653845787,12,17307.69157
2355,29,male,9.616666794,13,19233.33359
2356,29,male,8.17307663,12,16346.15326
2357,29,male,11.53846169,12,23076.92338
2358,29,male,9,12,18000
2359,29,female,10.20408154,11,20408.16308
2360,29,female,15.38461494,16,30769.22988
2361,30,male,6.25,9,12500
2362,29,female,8.547008514,12,17094.01703
2363,29,female,11.53846169,16,23076.92338
2364,30,male,12.69230747,12,25384.61494
2365,29,male,19.23077011,16,38461.54022
2366,29,male,15.45329666,16,30906.59332
2367,29,female,31.73077011,18,63461.54022
2368,29,male,31.25048065,12,62500.9613
2369,30,female,36.53845978,16,73076.91956
2370,29,male,19.71153831,13,39423.07662
2371,30,female,7.083333492,10,14166.66698
2372,30,male,16.82692337,16,33653.84674
2373,29,female,28.84615326,13,57692.30652
2374,30,male,17.30769157,18,34615.38314
2375,29,male,30.76922989,16,61538.45978
2376,30,male,16.53846169,16,33076.92338
2377,30,male,16.82692337,12,33653.84674
2378,29,male,12.01923084,14,24038.46168
2379,30,male,27.40384674,16,54807.69348
2380,30,male,15.38461494,12,30769.22988
2381,29,male,45.45454407,16,90909.08814
2382,29,male,28.61615372,14,57232.30744
2383,29,female,16.82692337,14,33653.84674
2384,29,male,17.94871712,14,35897.43424
2385,30,male,24.03846169,12,48076.92338
2386,30,male,17.67596245,12,35351.9249
2387,30,male,15.38461494,12,30769.22988
2388,29,female,10.91476059,12,21829.52118
2389,30,female,2.403846264,14,4807.692528
2390,29,female,19.27083397,13,38541.66794
2391,29,male,11.05769253,12,22115.38506
2392,29,female,17.09401703,14,34188.03406
2393,30,female,45.67307663,16,91346.15326
2394,29,female,8.17307663,12,16346.15326
2395,29,male,59.13461685,16,118269.2337
2396,30,male,6.730769157,12,13461.53831
2397,30,male,11.05769253,12,22115.38506
2398,29,female,21.15384674,16,42307.69348
2399,30,male,27.77777863,13,55555.55726
2400,30,male,10.68376064,12,21367.52128
2401,30,male,20.67307663,14,41346.15326
2402,29,male,28.84615326,16,57692.30652
2403,30,female,26.25,16,52500
2404,29,female,9.355509758,13,18711.01952
2405,29,female,8.136095047,13,16272.19009
2406,29,male,9.615385056,16,19230.77011
2407,30,female,7.211538315,13,14423.07663
2408,30,male,8.653845787,12,17307.69157
2409,29,male,6.730769157,12,13461.53831
2410,30,male,10.55555534,12,21111.11068
2411,30,male,46.15384674,14,92307.69348
2412,29,male,24.03846169,13,48076.92338
2413,29,female,12.98076916,13,25961.53832
2414,30,male,21.44970322,13,42899.40644
2415,29,male,12.01923084,14,24038.46168
2416,30,female,18.26922989,14,36538.45978
2417,30,male,33.65384674,16,67307.69348
2418,30,male,20.76922989,12,41538.45978
2419,30,male,8.136095047,12,16272.19009
2420,29,female,12.5,16,25000
2421,29,male,25,16,50000
2422,30,female,29.9145298,18,59829.0596
2423,30,female,5.769230843,13,11538.46169
2424,30,female,20.7489872,13,41497.9744
2425,29,male,16.82692337,8,33653.84674
2426,29,male,5.769230843,16,11538.46169
2427,29,male,8.17307663,10,16346.15326
2428,30,male,20.88461494,12,41769.22988
2429,29,male,7.307692528,12,14615.38506
2430,30,female,39.90384674,16,79807.69348
2431,29,female,8.17307663,12,16346.15326
2432,29,female,5.769230843,12,11538.46169
2433,30,male,21.15384674,13,42307.69348
2434,29,male,16.34615326,16,32692.30652
2435,30,male,15.38461494,12,30769.22988
2436,29,male,20.875,13,41750
2437,29,female,12.5,18,25000
2438,30,male,29.80769157,13,59615.38314
2439,29,female,10.57692337,13,21153.84674
2440,30,male,9.615385056,13,19230.77011
2441,30,male,40.86538315,16,81730.7663
2442,29,male,8.653845787,12,17307.69157
2443,29,male,12.01923084,10,24038.46168
2444,29,female,23.07692337,12,46153.84674
2445,30,male,6.153846264,8,12307.69253
2446,29,female,7.632653236,13,15265.30647
2447,29,female,9.134614944,12,18269.22989
2448,29,male,11.90476227,6,23809.52454
2449,29,male,21.63461494,16,43269.22988
2450,29,male,19.71153831,12,39423.07662
2451,29,male,12.5,18,25000
2452,29,female,12.98076916,13,25961.53832
2453,30,female,19.23077011,14,38461.54022
2454,30,male,12.82051277,12,25641.02554
2455,30,female,12.01923084,13,24038.46168
2456,30,male,34.61538315,16,69230.7663
2457,30,male,14.67980766,13,29359.61532
2458,29,male,32.21154022,16,64423.08044
2459,30,male,13.94230747,16,27884.61494
2460,30,male,23.07692337,18,46153.84674
2461,30,female,36.32478714,18,72649.57428
2462,29,female,18.26922989,13,36538.45978
2463,30,male,13.46153831,12,26923.07662
2464,29,male,22.59615326,12,45192.30652
2465,30,male,17.48251724,12,34965.03448
2466,30,female,11.36363602,12,22727.27204
2467,30,female,11.53846169,13,23076.92338
2468,30,male,32.69230652,12,65384.61304
2469,29,male,9.935897827,12,19871.79565
2470,29,male,26.63461494,14,53269.22988
2471,29,female,16.66666603,16,33333.33206
2472,30,male,38.46154022,16,76923.08044
2473,29,male,12.23776245,16,24475.5249
2474,30,female,22.11538506,13,44230.77012
2475,29,male,10,10,20000
2476,30,male,19.23077011,16,38461.54022
2477,30,female,17.06730843,14,34134.61686
2478,29,male,14.42307663,14,28846.15326
2479,30,male,15.22435856,12,30448.71712
2480,29,female,17.30769157,16,34615.38314
2481,30,male,11.25,13,22500
2482,30,male,24.03846169,16,48076.92338
2483,30,male,34.61538315,12,69230.7663
2484,30,male,31.25,18,62500
2485,30,female,19.23077011,16,38461.54022
2486,30,male,33.65384674,18,67307.69348
2487,29,male,8,12,16000
2488,29,male,31.25,12,62500
2489,29,male,8.990385056,13,17980.77011
2490,29,female,36.05769348,18,72115.38696
2491,30,female,5.288461685,16,10576.92337
2492,30,female,22.77327919,13,45546.55838
2493,30,female,13.46153831,12,26923.07662
2494,29,female,18.12130165,12,36242.6033
2495,29,male,19.23077011,13,38461.54022
2496,29,female,20.19230843,18,40384.61686
2497,30,female,17.69230843,16,35384.61686
2498,29,female,13.46153831,13,26923.07662
2499,29,female,12.56105804,13,25122.11608
2500,29,male,16.70778656,12,33415.57312
2501,30,female,10.09615421,13,20192.30842
2502,29,female,15.38461494,16,30769.22988
2503,29,female,18.13186836,13,36263.73672
2504,30,male,7.692307472,13,15384.61494
2505,30,female,15.46822739,16,30936.45478
2506,30,female,9.615385056,16,19230.77011
2507,29,male,17.94871712,12,35897.43424
2508,29,female,15,14,30000
2509,29,male,21.5,13,43000
2510,30,male,16.66666603,16,33333.33206
2511,29,male,15.38461494,12,30769.22988
2512,30,male,16.64201164,12,33284.02328
2513,29,male,2.958579779,12,5917.159558
2514,30,female,8.894230843,13,17788.46169
2515,30,female,32.5,18,65000
2516,29,female,30.76922989,14,61538.45978
2517,30,female,4.487179279,13,8974.358558
2518,30,male,16.34615326,16,32692.30652
2519,29,male,13.75913429,16,27518.26858
2520,29,male,20.94017029,18,41880.34058
2521,30,male,14.42307663,16,28846.15326
2522,29,female,16.82692337,16,33653.84674
2523,30,male,16.23931694,12,32478.63388
2524,30,female,40.86538315,16,81730.7663
2525,30,male,7.211538315,12,14423.07663
2526,30,female,12.01923084,8,24038.46168
2527,30,male,29.80769157,12,59615.38314
2528,30,female,9.763313293,13,19526.62659
2529,30,male,15.38461494,14,30769.22988
2530,30,female,8.935508728,13,17871.01746
2531,29,female,10.57692337,12,21153.84674
2532,30,female,6.770833492,12,13541.66698
2533,30,male,12.39316273,13,24786.32546
2534,29,male,27.88461494,13,55769.22988
2535,29,female,4.273504257,12,8547.008514
2536,30,male,21.5,12,43000
2537,29,female,6.25,12,12500
2538,30,male,24.03846169,12,48076.92338
2539,29,male,7.692307472,16,15384.61494
2540,30,male,9.134614944,13,18269.22989
2541,30,male,14.42307663,14,28846.15326
2542,29,male,17.78846169,13,35576.92338
2543,29,male,22.22222137,14,44444.44274
2544,30,female,14.15094376,12,28301.88752
2545,30,male,15.73426533,16,31468.53066
2546,30,female,36.05769348,16,72115.38696
2547,30,male,12.01923084,12,24038.46168
2548,29,male,24.03846169,13,48076.92338
2549,30,female,25,16,50000
2550,30,male,14.42307663,13,28846.15326
2551,30,male,14.42307663,16,28846.15326
2552,29,male,20.67307663,12,41346.15326
2553,30,female,6.346153736,14,12692.30747
2554,29,female,7.349999905,13,14699.99981
2555,30,male,22.23557663,13,44471.15326
2556,30,male,23.07692337,16,46153.84674
2557,29,male,15.38461494,16,30769.22988
2558,29,female,13.22115421,16,26442.30842
2559,29,female,8.284314156,14,16568.62831
2560,29,male,42.73504257,16,85470.08514
2561,30,male,24.51922989,18,49038.45978
2562,30,female,9.134614944,12,18269.22989
2563,29,male,9.615385056,12,19230.77011
2564,29,male,12.30769253,13,24615.38506
2565,29,female,29.80769157,13,59615.38314
2566,30,male,11.05769253,12,22115.38506
2567,29,male,22.43589783,12,44871.79566
2568,29,female,15.47619057,16,30952.38114
2569,29,male,15.38461494,12,30769.22988
2570,29,male,26.44230843,16,52884.61686
2571,29,male,10.09615421,12,20192.30842
2572,30,male,13.46153831,12,26923.07662
2573,29,male,21.36752129,12,42735.04258
2574,29,male,14.4970417,16,28994.0834
2575,30,female,19.71153831,16,39423.07662
2576,29,male,19.23077011,13,38461.54022
2577,30,male,28.84615326,12,57692.30652
2578,29,male,9.183673859,12,18367.34772
2579,30,male,20.38461494,14,40769.22988
2580,30,male,12.98076916,14,25961.53832
2581,30,male,11.53846169,12,23076.92338
2582,29,female,8.17307663,14,16346.15326
2583,29,male,6.923077106,12,13846.15421
2584,29,male,15.79670334,16,31593.40668
2585,30,female,22.59615326,16,45192.30652
2586,29,male,27.40384674,13,54807.69348
2587,29,female,16.82692337,13,33653.84674
2588,29,male,8.241758347,14,16483.51669
2589,30,female,32.21154022,12,64423.08044
2590,29,female,21.15384674,14,42307.69348
2591,30,female,17.78846169,16,35576.92338
2592,30,female,12.98076916,16,25961.53832
2593,29,female,15.38461494,16,30769.22988
2594,30,female,13.92735004,16,27854.70008
2595,30,male,7.211538315,12,14423.07663
2596,30,male,16.82692337,14,33653.84674
2597,29,female,12.01923084,14,24038.46168
2598,29,female,7.644230843,13,15288.46169
2599,29,female,7.5,14,15000
2600,29,male,28.36538506,12,56730.77012
2601,29,male,19.23077011,12,38461.54022
2602,30,female,8.653845787,12,17307.69157
2603,30,male,16.82692337,16,33653.84674
2604,30,female,14.42307663,12,28846.15326
2605,29,female,17.30769157,16,34615.38314
2606,29,female,13.46153831,12,26923.07662
2607,29,male,23.19230843,16,46384.61686
2608,30,female,17.78846169,12,35576.92338
2609,30,male,12.98076916,13,25961.53832
2610,30,male,12.98076916,16,25961.53832
2611,29,male,10.2564106,12,20512.8212
2612,30,female,13.35470104,13,26709.40208
2613,29,male,25,18,50000
2614,29,female,6.730769157,14,13461.53831
2615,29,male,24.72527504,16,49450.55008
2616,29,female,19.23077011,14,38461.54022
2617,29,male,21.53846169,14,43076.92338
2618,29,female,10.57692337,13,21153.84674
2619,30,male,23.07692337,10,46153.84674
2620,29,male,5.833333492,9,11666.66698
2621,29,male,11.05769253,11,22115.38506
2622,29,male,12.5,12,25000
2623,30,male,16.82692337,12,33653.84674
2624,29,female,16.82692337,12,33653.84674
2625,30,male,21.15384674,12,42307.69348
2626,29,female,12.30769253,16,24615.38506
2627,30,male,12.30769253,14,24615.38506
2628,30,male,11.53846169,12,23076.92338
2629,29,male,25.64102554,13,51282.05108
2630,30,female,8.241758347,14,16483.51669
2631,29,female,13.88888931,12,27777.77862
2632,29,female,12.5,13,25000
2633,30,male,30.76922989,16,61538.45978
2634,29,female,9.615385056,12,19230.77011
2635,29,female,17.10526276,13,34210.52552
2636,29,female,16.82692337,13,33653.84674
2637,30,male,12.30769253,14,24615.38506
2638,29,male,36.53845978,16,73076.91956
2639,30,female,17.30865479,13,34617.30958
2640,29,male,10.57692337,12,21153.84674
2641,30,male,28.84615326,16,57692.30652
2642,30,male,26.47058868,12,52941.17736
2643,30,male,34.61538315,16,69230.7663
2644,29,female,12.98076916,12,25961.53832
2645,30,male,12.01923084,14,24038.46168
2646,30,male,12.01923084,12,24038.46168
2647,30,male,10.81730747,12,21634.61494
2648,30,male,16.82692337,12,33653.84674
2649,29,male,43.26922989,16,86538.45978
2650,30,male,14.57725906,12,29154.51812
2651,30,male,35.57692337,16,71153.84674
2652,30,male,52.88461685,16,105769.2337
2653,30,female,37.98077011,13,75961.54022
2654,30,male,13.75,14,27500
2655,29,male,15.86538506,6,31730.77012
2656,29,male,16.66666603,16,33333.33206
2657,29,male,12.98076916,12,25961.53832
2658,29,male,52.88461685,16,105769.2337
2659,29,female,7.211538315,12,14423.07663
2660,30,male,7.211538315,12,14423.07663
2661,29,male,27.47252655,16,54945.0531
2662,30,female,19.23077011,18,38461.54022
2663,30,female,21.63461494,14,43269.22988
2664,29,male,3.296703339,13,6593.406678
2665,29,male,17.08333397,12,34166.66794
2666,29,male,12.82051277,16,25641.02554
2667,29,female,30.98290634,16,61965.81268
2668,29,male,14.42307663,16,28846.15326
2669,30,male,28.84615326,13,57692.30652
2670,30,female,5.02136755,13,10042.7351
2671,29,male,16.04277992,16,32085.55984
2672,29,female,3.846153736,16,7692.307472
2673,29,male,2.884615421,12,5769.230842
2674,29,female,27.47252655,13,54945.0531
2675,30,male,23.92836571,13,47856.73142
2676,29,male,7.840236664,13,15680.47333
2677,29,male,21.85314751,16,43706.29502
2678,30,male,32.05128098,16,64102.56196
2679,29,male,16.82692337,11,33653.84674
2680,29,male,10.57692337,12,21153.84674
2681,30,male,16.82692337,12,33653.84674
2682,30,male,10,12,20000
2683,30,female,9.615385056,16,19230.77011
2684,29,male,16.82692337,13,33653.84674
2685,30,female,5.769230843,13,11538.46169
2686,30,male,9.452991486,12,18905.98297
2687,29,male,12.01923084,13,24038.46168
2688,30,male,17.54807663,12,35096.15326
2689,30,male,14.9572649,12,29914.5298
2690,29,male,16.82692337,12,33653.84674
2691,30,female,18.26922989,16,36538.45978
2692,29,female,14.32078552,12,28641.57104
2693,30,male,31.25,12,62500
2694,29,male,12.5,11,25000
2695,30,male,17.94871712,13,35897.43424
2696,30,female,24.03846169,14,48076.92338
2697,30,male,21.97802162,14,43956.04324
2698,30,female,12.5,12,25000
2699,29,male,11.53846169,12,23076.92338
2700,29,female,12.01923084,13,24038.46168
2701,29,female,6.25,6,12500
2702,30,female,10,13,20000
2703,29,male,23.55769157,16,47115.38314
2704,29,female,9.230769157,13,18461.53831
2705,30,male,4.807692528,8,9615.385056
2706,29,male,19.32692337,16,38653.84674
2707,29,male,5.274725437,12,10549.45087
2708,30,male,33.65384674,12,67307.69348
2709,29,male,7.846153736,12,15692.30747
2710,30,male,33.65384674,13,67307.69348
2711,30,male,13.98601437,13,27972.02874
2712,30,male,10.09615421,12,20192.30842
2713,30,male,14.42307663,18,28846.15326
2714,29,male,13.46153831,14,26923.07662
2715,29,female,14.90384579,14,29807.69158
2716,29,male,19.23077011,16,38461.54022
2717,29,female,8.547008514,12,17094.01703
2718,30,female,13.42259598,12,26845.19196
2719,30,male,18.80341911,12,37606.83822
2720,29,male,15.38461494,12,30769.22988
2721,29,female,25.48077011,16,50961.54022
2722,30,female,12.01923084,12,24038.46168
2723,30,male,16.34615326,16,32692.30652
2724,30,male,6,12,12000
2725,29,female,11.05769253,12,22115.38506
2726,30,male,17.30769157,13,34615.38314
2727,30,female,14.42307663,16,28846.15326
2728,29,female,19.71153831,16,39423.07662
2729,29,female,9.615385056,9,19230.77011
2730,29,female,25.96153831,16,51923.07662
2731,30,male,4.807692528,16,9615.385056
2732,30,female,8.791209221,16,17582.41844
2733,30,male,2.884615421,9,5769.230842
2734,29,female,28.84615326,16,57692.30652
2735,29,male,36.05769348,16,72115.38696
2736,30,female,7.932692528,12,15865.38506
2737,29,male,13.2867136,16,26573.4272
2738,30,female,12.82051277,16,25641.02554
2739,29,male,30.76922989,16,61538.45978
2740,29,female,7.211538315,12,14423.07663
2741,29,female,11.53846169,16,23076.92338
2742,30,male,14.23076916,14,28461.53832
2743,30,female,15.18218613,13,30364.37226
2744,30,male,27.88461494,16,55769.22988
2745,29,female,24.03846169,16,48076.92338
2746,30,male,14.42307663,12,28846.15326
2747,29,female,13.24786282,14,26495.72564
2748,29,male,19.18192291,12,38363.84582
2749,30,male,7.5,12,15000
2750,29,female,12.01923084,12,24038.46168
2751,29,male,27.77777863,16,55555.55726
2752,29,female,5.528846264,11,11057.69253
2753,30,male,6.410256386,14,12820.51277
2754,30,male,16.82692337,13,33653.84674
2755,30,female,12,12,24000
2756,29,male,10.53113556,14,21062.27112
2757,29,male,12.5,12,25000
2758,29,male,5.769230843,6,11538.46169
2759,29,female,14.42307663,13,28846.15326
2760,30,female,10.68376064,13,21367.52128
2761,30,male,15.14423084,14,30288.46168
2762,30,female,21.97802162,16,43956.04324
2763,29,male,6.730769157,9,13461.53831
2764,29,male,19.23077011,13,38461.54022
2765,29,female,12.33671951,12,24673.43902
2766,29,female,10,13,20000
2767,30,male,13.46153831,13,26923.07662
2768,30,female,25,13,50000
2769,29,male,5.769230843,12,11538.46169
2770,29,female,7.142857075,13,14285.71415
2771,30,female,9.615385056,12,19230.77011
2772,29,male,17.78846169,12,35576.92338
2773,29,male,13.46153831,11,26923.07662
2774,30,male,24.03846169,14,48076.92338
2775,30,male,18.26922989,13,36538.45978
2776,30,female,14.42307663,18,28846.15326
2777,30,female,16.34615326,18,32692.30652
2778,30,male,23.07692337,12,46153.84674
2779,29,male,19.23077011,12,38461.54022
2780,29,male,11.53846169,12,23076.92338
2781,30,female,4.567307472,16,9134.614944
2782,29,male,18.37606812,14,36752.13624
2783,29,female,17.96558762,16,35931.17524
2784,29,male,8.653845787,9,17307.69157
2785,29,male,56.08974457,16,112179.4891
2786,29,male,11.21794891,14,22435.89782
2787,29,male,16.20370293,12,32407.40586
2788,29,female,23.07692337,16,46153.84674
2789,30,male,21.15384674,12,42307.69348
2790,29,female,16.61538506,18,33230.77012
2791,29,male,24.78632545,16,49572.6509
2792,30,male,3.846153736,13,7692.307472
2793,30,male,17.62820435,13,35256.4087
2794,29,female,12.98076916,14,25961.53832
2795,30,male,25,13,50000
2796,29,female,5.448718071,14,10897.43614
2797,30,female,24.03846169,13,48076.92338
2798,29,male,12.98076916,12,25961.53832
2799,29,male,24.03846169,12,48076.92338
2800,30,male,7.211538315,14,14423.07663
2801,29,male,7.692307472,6,15384.61494
2802,30,male,14.42307663,12,28846.15326
2803,30,female,8.17307663,12,16346.15326
2804,29,male,2.622377634,12,5244.755268
2805,30,male,52.88461685,16,105769.2337
2806,29,male,16.82692337,16,33653.84674
2807,29,male,17.30769157,14,34615.38314
2808,29,male,14.61538506,12,29230.77012
2809,30,male,12.82051277,14,25641.02554
2810,30,male,21.63461494,14,43269.22988
2811,30,male,25.30364418,12,50607.28836
2812,30,male,20.67307663,18,41346.15326
2813,29,male,24.61538506,16,49230.77012
2814,30,female,22.59615326,13,45192.30652
2815,30,female,9.245562553,14,18491.12511
2816,30,male,12.01923084,12,24038.46168
2817,29,male,10.57692337,12,21153.84674
2818,29,male,14.42307663,13,28846.15326
2819,30,female,7.692307472,11,15384.61494
2820,30,male,9.615385056,6,19230.77011
2821,30,female,8.444444656,10,16888.88931
2822,30,male,19.23077011,16,38461.54022
2823,30,female,7.211538315,13,14423.07663
2824,29,male,4.120879173,12,8241.758346
2825,30,male,11.11111069,13,22222.22138
2826,29,female,12.74038506,9,25480.77012
2827,29,female,16.34615326,12,32692.30652
2828,29,male,10.30219746,12,20604.39492
2829,29,female,19.23077011,14,38461.54022
2830,30,female,15.38461494,16,30769.22988
2831,30,female,16.82692337,16,33653.84674
2832,29,female,18.26922989,18,36538.45978
2833,30,female,9.519230843,13,19038.46169
2834,29,male,11.53846169,13,23076.92338
2835,30,male,23.07692337,16,46153.84674
2836,30,male,11.60000038,12,23200.00076
2837,30,male,24.03846169,16,48076.92338
2838,30,female,6.25,8,12500
2839,30,female,14.27884579,13,28557.69158
2840,29,female,14.42307663,12,28846.15326
2841,29,male,17.78846169,12,35576.92338
2842,30,female,11.05769253,12,22115.38506
2843,29,male,12.08791256,12,24175.82512
2844,29,male,13.46153831,12,26923.07662
2845,29,female,6.3039217,11,12607.8434
2846,30,male,15.38461494,16,30769.22988
2847,30,male,14.69780254,16,29395.60508
2848,29,male,11.53846169,13,23076.92338
2849,29,male,16.82692337,12,33653.84674
2850,29,male,23.14814758,12,46296.29516
2851,30,male,20.83333397,13,41666.66794
2852,29,female,14.17004013,13,28340.08026
2853,30,female,15.06410217,14,30128.20434
2854,29,male,11.1888113,12,22377.6226
2855,29,female,19.23077011,14,38461.54022
2856,29,female,7.211538315,6,14423.07663
2857,29,female,14.42307663,13,28846.15326
2858,29,female,23.07692337,16,46153.84674
2859,29,female,8.653845787,6,17307.69157
2860,30,female,25.48077011,18,50961.54022
2861,29,female,14.42307663,14,28846.15326
2862,29,male,12.91208744,14,25824.17488
2863,30,female,14.42307663,14,28846.15326
2864,30,male,11.53846169,13,23076.92338
2865,30,male,23.50427437,16,47008.54874
2866,30,male,25.64102554,16,51282.05108
2867,30,female,14.42307663,13,28846.15326
2868,30,male,14.42307663,13,28846.15326
2869,30,male,24.03846169,12,48076.92338
2870,30,male,6.230769157,9,12461.53831
2871,30,female,7,9,14000
2872,30,male,9.32692337,13,18653.84674
2873,30,female,12.98076916,13,25961.53832
2874,30,male,19.23077011,16,38461.54022
2875,29,male,13.46153831,12,26923.07662
2876,30,male,21.63461494,16,43269.22988
2877,30,male,27.47252655,18,54945.0531
2878,29,female,7.692307472,12,15384.61494
2879,30,male,17.78846169,13,35576.92338
2880,29,female,16.82692337,13,33653.84674
2881,30,male,17.17033005,18,34340.6601
2882,30,male,43.26971054,18,86539.42108
2883,29,male,10.89743614,13,21794.87228
2884,30,male,7.5,8,15000
2885,29,female,12.01923084,18,24038.46168
2886,29,male,14.42307663,12,28846.15326
2887,29,female,19.23077011,13,38461.54022
2888,29,female,21.63461494,14,43269.22988
2889,30,male,17.94871712,18,35897.43424
2890,30,male,12.01923084,12,24038.46168
2891,30,male,19.15184593,12,38303.69186
2892,29,female,19.23077011,12,38461.54022
2893,29,male,21.67832184,16,43356.64368
2894,30,male,11.65384579,11,23307.69158
2895,29,male,14.30288506,12,28605.77012
2896,30,male,21.36752129,16,42735.04258
2897,30,female,16.82692337,16,33653.84674
2898,30,male,19.79269218,16,39585.38436
2899,30,female,18.69658089,16,37393.16178
2900,30,female,4.967032909,16,9934.065818
2901,29,male,11.53846169,12,23076.92338
2902,29,male,15.86538506,12,31730.77012
2903,30,male,14.42307663,13,28846.15326
2904,29,male,24.03846169,14,48076.92338
2905,30,female,72.11538696,18,144230.7739
2906,29,female,11.43451118,12,22869.02236
2907,29,male,20.67307663,14,41346.15326
2908,30,male,12.01923084,13,24038.46168
2909,29,female,12.20414162,13,24408.28324
2910,30,male,20.19230843,14,40384.61686
2911,29,female,14.9572649,14,29914.5298
2912,30,male,48.07692337,16,96153.84674
2913,29,female,7.692307472,13,15384.61494
2914,29,male,14.42307663,12,28846.15326
2915,30,female,4.326922894,12,8653.845788
2916,30,female,20.29914474,16,40598.28948
2917,29,female,11.05769253,16,22115.38506
2918,29,male,13.75,10,27500
2919,30,female,23.55769157,14,47115.38314
2920,29,male,12.5,14,25000
2921,29,male,12.01923084,16,24038.46168
2922,29,female,12.13369942,16,24267.39884
2923,29,male,8.108108521,8,16216.21704
2924,29,male,12.98076916,12,25961.53832
2925,30,female,9.615385056,12,19230.77011
2926,29,male,12.01923084,10,24038.46168
2927,29,female,19.47115326,16,38942.30652
2928,30,male,6.153846264,6,12307.69253
2929,29,male,16.82692337,12,33653.84674
2930,29,male,6.25,6,12500
2931,29,male,11.51315784,13,23026.31568
2932,29,male,21.36752129,13,42735.04258
2933,29,male,21.63461494,16,43269.22988
2934,30,male,25,16,50000
2935,30,female,21.63461494,16,43269.22988
2936,30,male,12.98076916,13,25961.53832
2937,29,female,10,13,20000
2938,29,female,18.26922989,16,36538.45978
2939,29,female,24.61538506,14,49230.77012
2940,30,male,9.615385056,12,19230.77011
2941,29,male,24.03846169,12,48076.92338
2942,29,male,12.59615421,14,25192.30842
2943,30,female,92.5,18,185000
2944,30,female,16.34615326,13,32692.30652
2945,29,male,9.410801888,10,18821.60378
2946,30,male,12.5,16,25000
2947,30,male,3.076923132,9,6153.846264
2948,29,female,12.98076916,14,25961.53832
2949,29,female,8.888889313,14,17777.77863
2950,30,female,6.25,14,12500
